time,value
1738778259.1828423,3.0
1738778259.193413,3.0
1738778259.2039301,3.0
1738778259.2144594,3.0
1738778259.2273335,3.0
1738778259.237761,3.0
1738778259.2483134,3.0
1738778259.2587924,3.0
1738778259.2692714,3.0
1738778259.2797604,3.0
1738778259.2903988,3.0
1738778259.3008676,3.0
1738778259.311343,3.0
1738778259.321925,3.0
1738778259.3324218,3.0
1738778259.342887,3.0
1738778259.3533366,3.0
1738778259.3638213,3.0
1738778259.374297,3.0
1738778259.384727,3.0
1738778259.3952343,3.0
1738778259.405722,3.0
1738778259.4161825,3.0
1738778259.4266465,3.0
1738778259.4374402,3.0
1738778259.4495397,3.0
1738778259.460252,3.0
1738778259.471348,3.0
1738778259.4829376,3.0
1738778259.494406,3.0
1738778259.50485,3.0
1738778259.5155602,3.0
1738778259.5265903,3.0
1738778259.5378625,3.0
1738778259.5489328,3.0
1738778259.5601106,3.0
1738778259.5715787,3.0
1738778259.5826328,3.0
1738778259.5936694,3.0
1738778259.6051912,3.0
1738778259.61625,3.0
1738778259.6272867,3.0
1738778259.6389413,3.0
1738778259.6500926,3.0
1738778259.661162,3.0
1738778259.6787474,3.0
1738778259.6894193,1.0
1738778259.7169464,2.0
1738778259.7373457,2.0
1738778259.7505507,1.0
1738778259.761495,1.0
1738778259.7726989,3.0
1738778259.7844586,3.0
1738778259.796015,3.0
1738778259.8075929,3.0
1738778259.8187363,3.0
1738778259.8299491,3.0
1738778259.8411467,3.0
1738778259.8527985,3.0
1738778259.863974,3.0
1738778259.8756151,3.0
1738778259.886808,3.0
1738778259.8983557,3.0
1738778259.910583,3.0
1738778259.9217424,3.0
1738778259.9328828,3.0
1738778259.9440541,3.0
1738778259.9552212,3.0
1738778259.9664333,3.0
1738778259.9775324,3.0
1738778259.9887118,3.0
1738778259.999896,3.0
1738778260.011067,3.0
1738778260.022514,3.0
1738778260.0336962,3.0
1738778260.044932,3.0
1738778260.0562675,3.0
1738778260.0674608,3.0
1738778260.0786057,3.0
1738778260.089777,3.0
1738778260.1010194,3.0
1738778260.1121993,3.0
1738778260.124569,3.0
1738778260.1357076,3.0
1738778260.1484895,3.0
1738778260.1588218,1.0
1738778260.171795,1.0
1738778260.1826298,3.0
1738778260.1937096,3.0
1738778260.2048542,3.0
1738778260.2160177,3.0
1738778260.227158,3.0
1738778260.2382767,3.0
1738778260.249432,3.0
1738778260.2605495,3.0
1738778260.2716424,3.0
1738778260.282765,3.0
1738778260.2938433,3.0
1738778260.304989,3.0
1738778260.3161507,3.0
1738778260.3272636,3.0
1738778260.3383644,3.0
1738778260.3494158,3.0
1738778260.3605914,3.0
1738778260.3716989,3.0
1738778260.382761,3.0
1738778260.3938262,3.0
1738778260.4049299,3.0
1738778260.4160218,3.0
1738778260.4271567,3.0
1738778260.4388115,3.0
1738778260.451352,3.0
1738778260.4623725,3.0
1738778260.4734654,3.0
1738778260.4845643,3.0
1738778260.4962943,3.0
1738778260.507454,3.0
1738778260.518876,3.0
1738778260.530002,3.0
1738778260.5414011,3.0
1738778260.5531673,3.0
1738778260.5644667,3.0
1738778260.5756116,3.0
1738778260.5866745,3.0
1738778260.5977614,3.0
1738778260.6092238,3.0
1738778260.6207552,3.0
1738778260.6318336,3.0
1738778260.64331,3.0
1738778260.6543915,3.0
1738778260.6654842,3.0
1738778260.6765695,3.0
1738778260.687665,3.0
1738778260.6987865,3.0
1738778260.7099018,3.0
1738778260.7210824,3.0
1738778260.732159,3.0
1738778260.7432382,3.0
1738778260.7544084,3.0
1738778260.765684,3.0
1738778260.7769694,3.0
1738778260.7880433,3.0
1738778260.7992785,3.0
1738778260.8116958,3.0
1738778260.8228111,3.0
1738778260.8339353,3.0
1738778260.8450458,3.0
1738778260.8561733,3.0
1738778260.867267,3.0
1738778260.87838,3.0
1738778260.8894958,3.0
1738778260.900584,3.0
1738778260.911793,3.0
1738778260.9236891,3.0
1738778260.934697,3.0
1738778260.9458525,3.0
1738778260.9569802,3.0
1738778260.9681098,3.0
1738778260.979194,3.0
1738778260.9902685,3.0
1738778261.001377,3.0
1738778261.0124872,3.0
1738778261.0235963,3.0
1738778261.0347354,3.0
1738778261.045833,3.0
1738778261.0574768,3.0
1738778261.0687773,3.0
1738778261.0798357,3.0
1738778261.0909586,3.0
1738778261.1020222,3.0
1738778261.1130779,3.0
1738778261.1245887,3.0
1738778261.135667,3.0
1738778261.147993,3.0
1738778261.1595225,1.0
1738778261.1731381,1.0
1738778261.1844597,3.0
1738778261.1955097,3.0
1738778261.2065957,3.0
1738778261.2176993,3.0
1738778261.2287636,3.0
1738778261.2398498,3.0
1738778261.2509253,3.0
1738778261.2619162,3.0
1738778261.2729847,3.0
1738778261.283875,3.0
1738778261.2948124,3.0
1738778261.3057046,3.0
1738778261.3167286,3.0
1738778261.3277743,3.0
1738778261.3387475,3.0
1738778261.3497376,3.0
1738778261.3607626,3.0
1738778261.3717246,3.0
1738778261.3827085,3.0
1738778261.3936877,3.0
1738778261.404661,3.0
1738778261.4156308,3.0
1738778261.4266078,3.0
1738778261.4379013,3.0
1738778261.450921,3.0
1738778261.4617665,3.0
1738778261.4727285,3.0
1738778261.4838307,3.0
1738778261.4957845,3.0
1738778261.5067687,3.0
1738778261.5180888,3.0
1738778261.529271,3.0
1738778261.5402772,3.0
1738778261.5517144,3.0
1738778261.5631175,3.0
1738778261.5740495,3.0
1738778261.585071,3.0
1738778261.5960467,3.0
1738778261.607109,3.0
1738778261.6180763,3.0
1738778261.6295075,3.0
1738778261.640882,3.0
1738778261.651851,3.0
1738778261.6628249,3.0
1738778261.673771,3.0
1738778261.6847043,3.0
1738778261.6957397,3.0
1738778261.7067204,3.0
1738778261.7176669,3.0
1738778261.7286363,3.0
1738778261.739649,3.0
1738778261.7505844,3.0
1738778261.7615352,3.0
1738778261.7729108,3.0
1738778261.7839212,3.0
1738778261.7950675,3.0
1738778261.8068814,3.0
1738778261.8180835,3.0
1738778261.8290374,3.0
1738778261.8400261,3.0
1738778261.8511326,3.0
1738778261.8620675,3.0
1738778261.8730872,3.0
1738778261.8840258,3.0
1738778261.8950024,3.0
1738778261.905918,3.0
1738778261.9173512,3.0
1738778261.928361,3.0
1738778261.9393198,3.0
1738778261.9503188,3.0
1738778261.9612908,3.0
1738778261.9722476,3.0
1738778261.983178,3.0
1738778261.9941003,3.0
1738778262.0050862,3.0
1738778262.016033,3.0
1738778262.027008,3.0
1738778262.0379016,3.0
1738778262.0488439,3.0
1738778262.060208,3.0
1738778262.0711033,3.0
1738778262.0820029,3.0
1738778262.092986,3.0
1738778262.1038709,3.0
1738778262.1148148,3.0
1738778262.125684,3.0
1738778262.1367054,3.0
1738778262.149057,3.0
1738778262.1625934,3.0
1738778262.173481,3.0
1738778262.1844692,3.0
1738778262.1953583,3.0
1738778262.2063448,3.0
1738778262.2172196,3.0
1738778262.22814,3.0
1738778262.2390652,3.0
1738778262.2500532,3.0
1738778262.260978,3.0
1738778262.271888,3.0
1738778262.2827952,3.0
1738778262.2937024,3.0
1738778262.3046494,3.0
1738778262.315497,3.0
1738778262.3264294,3.0
1738778262.3373332,3.0
1738778262.3482897,3.0
1738778262.359218,3.0
1738778262.3701077,3.0
1738778262.3810477,3.0
1738778262.3919854,3.0
1738778262.402935,3.0
1738778262.413914,3.0
1738778262.4248247,3.0
1738778262.4357522,3.0
1738778262.44881,3.0
1738778262.4604266,3.0
1738778262.4713104,3.0
1738778262.4823062,3.0
1738778262.4938643,3.0
1738778262.5047922,3.0
1738778262.5159962,3.0
1738778262.527037,3.0
1738778262.5382013,3.0
1738778262.549045,3.0
1738778262.5608065,3.0
1738778262.5717494,3.0
1738778262.5826457,3.0
1738778262.5935452,3.0
1738778262.6046317,3.0
1738778262.615554,3.0
1738778262.6267583,3.0
1738778262.637676,3.0
1738778262.6489146,3.0
1738778262.6598983,3.0
1738778262.6707914,3.0
1738778262.6816807,3.0
1738778262.6926236,3.0
1738778262.7035348,3.0
1738778262.7144861,3.0
1738778262.725374,3.0
1738778262.736288,3.0
1738778262.7473044,3.0
1738778262.7583284,3.0
1738778262.7694435,3.0
1738778262.7805562,3.0
1738778262.7915888,3.0
1738778262.8028018,3.0
1738778262.8147569,3.0
1738778262.8258023,3.0
1738778262.8368258,3.0
1738778262.8478591,3.0
1738778262.8589253,3.0
1738778262.869984,3.0
1738778262.880978,3.0
1738778262.8920457,3.0
1738778262.9030533,3.0
1738778262.9140692,3.0
1738778262.9250789,3.0
1738778262.936132,3.0
1738778262.947137,3.0
1738778262.958155,3.0
1738778262.969211,3.0
1738778262.9802222,3.0
1738778262.991234,3.0
1738778263.0022976,3.0
1738778263.0133078,3.0
1738778263.0244129,3.0
1738778263.0354261,3.0
1738778263.0464497,3.0
1738778263.0579255,3.0
1738778263.0691986,3.0
1738778263.0802238,3.0
1738778263.091314,3.0
1738778263.1023982,3.0
1738778263.1133955,3.0
1738778263.1247525,3.0
1738778263.1358001,3.0
1738778263.1484685,3.0
1738778263.1599886,3.0
1738778263.171019,3.0
1738778263.1825497,3.0
1738778263.1935616,3.0
1738778263.2045708,3.0
1738778263.2167857,3.0
1738778263.2278507,3.0
1738778263.2388463,3.0
1738778263.249898,3.0
1738778263.2609742,3.0
1738778263.2719948,3.0
1738778263.282987,3.0
1738778263.294003,3.0
1738778263.3050508,3.0
1738778263.3160717,3.0
1738778263.3274286,3.0
1738778263.3384285,3.0
1738778263.3493874,3.0
1738778263.360436,3.0
1738778263.371415,3.0
1738778263.382445,3.0
1738778263.3935132,3.0
1738778263.404553,3.0
1738778263.4155936,3.0
1738778263.426593,3.0
1738778263.4380398,3.0
1738778263.4483075,2.0
1738778263.4591432,3.0
1738778263.4709127,3.0
1738778263.4819279,3.0
1738778263.493743,3.0
1738778263.504764,3.0
1738778263.5158827,3.0
1738778263.5271547,3.0
1738778263.5381913,3.0
1738778263.549289,3.0
1738778263.5603144,3.0
1738778263.5733628,2.0
1738778263.5842266,3.0
1738778263.5952988,3.0
1738778263.60687,2.0
1738778263.6179905,3.0
1738778263.6290786,3.0
1738778263.6407104,3.0
1738778263.6517663,3.0
1738778263.6628008,3.0
1738778263.6738205,3.0
1738778263.6848319,3.0
1738778263.6958988,3.0
1738778263.70693,3.0
1738778263.717976,3.0
1738778263.729065,3.0
1738778263.7401414,3.0
1738778263.7511585,3.0
1738778263.76216,3.0
1738778263.7735689,3.0
1738778263.7846193,3.0
1738778263.7956939,3.0
1738778263.8073175,3.0
1738778263.8183572,3.0
1738778263.8294055,3.0
1738778263.840481,3.0
1738778263.8515463,3.0
1738778263.8626103,3.0
1738778263.8736455,3.0
1738778263.8846593,3.0
1738778263.8957033,3.0
1738778263.9067543,3.0
1738778263.9177678,3.0
1738778263.9288814,3.0
1738778263.9406137,3.0
1738778263.9516833,3.0
1738778263.9627013,3.0
1738778263.9737453,3.0
1738778263.984784,3.0
1738778263.9958422,3.0
1738778264.00687,3.0
1738778264.0179427,3.0
1738778264.0290008,3.0
1738778264.0400505,3.0
1738778264.0510995,3.0
1738778264.0629146,3.0
1738778264.075468,3.0
1738778264.0877223,3.0
1738778264.0987647,3.0
1738778264.109801,3.0
1738778264.1208823,3.0
1738778264.131941,3.0
1738778264.144435,3.0
1738778264.1559832,3.0
1738778264.1670637,3.0
1738778264.1781044,3.0
1738778264.189141,3.0
1738778264.2001681,3.0
1738778264.2111998,3.0
1738778264.2222807,3.0
1738778264.233341,3.0
1738778264.2443507,3.0
1738778264.2554786,3.0
1738778264.2665408,3.0
1738778264.2775414,3.0
1738778264.288566,3.0
1738778264.2996113,3.0
1738778264.3107097,3.0
1738778264.3218024,3.0
1738778264.3328562,3.0
1738778264.3438897,3.0
1738778264.354937,3.0
1738778264.365965,3.0
1738778264.3772473,3.0
1738778264.3882697,3.0
1738778264.399327,3.0
1738778264.410325,3.0
1738778264.4213169,3.0
1738778264.4323332,3.0
1738778264.4446428,3.0
1738778264.4581223,3.0
1738778264.4693446,3.0
1738778264.4805977,3.0
1738778264.493407,3.0
1738778264.5045826,3.0
1738778264.5163927,3.0
1738778264.5283256,3.0
1738778264.539467,3.0
1738778264.5510597,3.0
1738778264.562442,3.0
1738778264.573706,3.0
1738778264.5848897,3.0
1738778264.5961118,3.0
1738778264.6073492,3.0
1738778264.6185555,3.0
1738778264.6298637,3.0
1738778264.6416485,3.0
1738778264.65281,3.0
1738778264.6641138,3.0
1738778264.675362,3.0
1738778264.686603,3.0
1738778264.6978438,3.0
1738778264.7091193,3.0
1738778264.7203746,3.0
1738778264.7316053,3.0
1738778264.7428432,3.0
1738778264.7540681,3.0
1738778264.7652802,3.0
1738778264.776702,3.0
1738778264.7879636,3.0
1738778264.7991872,3.0
1738778264.8110402,3.0
1738778264.8223934,3.0
1738778264.8336413,3.0
1738778264.844969,3.0
1738778264.856216,3.0
1738778264.867378,3.0
1738778264.8785567,3.0
1738778264.8897073,3.0
1738778264.9011562,3.0
1738778264.9123507,3.0
1738778264.9235032,3.0
1738778264.934704,3.0
1738778264.945881,3.0
1738778264.9570868,3.0
1738778264.9682748,3.0
1738778264.9795113,3.0
1738778264.990659,3.0
1738778265.001835,3.0
1738778265.0130255,3.0
1738778265.0243824,3.0
1738778265.0355103,3.0
1738778265.0467334,3.0
1738778265.058208,3.0
1738778265.069816,3.0
1738778265.081022,3.0
1738778265.0922697,3.0
1738778265.1034315,3.0
1738778265.1147003,3.0
1738778265.1259248,3.0
1738778265.1371534,3.0
1738778265.149214,3.0
1738778265.1611676,3.0
1738778265.1723921,3.0
1738778265.1835763,3.0
1738778265.1947677,3.0
1738778265.2059824,3.0
1738778265.2171757,3.0
1738778265.2284331,3.0
1738778265.2396297,3.0
1738778265.250808,3.0
1738778265.2620146,3.0
1738778265.2732515,3.0
1738778265.2844398,3.0
1738778265.295667,3.0
1738778265.3068423,3.0
1738778265.3180287,3.0
1738778265.3292055,3.0
1738778265.3404148,3.0
1738778265.3516154,3.0
1738778265.3628702,3.0
1738778265.374047,3.0
1738778265.3853521,3.0
1738778265.3965707,3.0
1738778265.40778,3.0
1738778265.4189641,3.0
1738778265.4301658,3.0
1738778265.4452581,3.0
1738778265.4561172,3.0
1738778265.4671543,3.0
1738778265.4781325,3.0
1738778265.4905975,3.0
1738778265.501631,3.0
1738778265.512765,3.0
1738778265.5246146,3.0
1738778265.535753,3.0
1738778265.5467114,3.0
1738778265.558197,3.0
1738778265.5692134,3.0
1738778265.5801888,3.0
1738778265.5911725,3.0
1738778265.602226,3.0
1738778265.6133142,3.0
1738778265.6246274,3.0
1738778265.6356266,3.0
1738778265.6473498,3.0
1738778265.6583302,3.0
1738778265.669312,3.0
1738778265.6802866,3.0
1738778265.6912932,3.0
1738778265.7022502,3.0
1738778265.7132516,3.0
1738778265.7242215,3.0
1738778265.7352862,3.0
1738778265.746299,3.0
1738778265.7572665,3.0
1738778265.7683258,3.0
1738778265.7794242,3.0
1738778265.790393,3.0
1738778265.8015282,3.0
1738778265.813015,3.0
1738778265.8240194,3.0
1738778265.8350723,3.0
1738778265.8460467,3.0
1738778265.8570366,3.0
1738778265.8680105,3.0
1738778265.8790057,3.0
1738778265.889996,3.0
1738778265.9009907,3.0
1738778265.9121068,3.0
1738778265.923077,3.0
1738778265.9340324,3.0
1738778265.9450457,3.0
1738778265.9566226,3.0
1738778265.9676247,3.0
1738778265.9786718,3.0
1738778265.9896302,3.0
1738778266.0006065,3.0
1738778266.011602,3.0
1738778266.0225737,3.0
1738778266.0334995,3.0
1738778266.0445616,3.0
1738778266.0563629,3.0
1738778266.0678008,3.0
1738778266.078776,3.0
1738778266.0896873,3.0
1738778266.100705,3.0
1738778266.111657,3.0
1738778266.1227508,3.0
1738778266.133724,3.0
1738778266.1460562,3.0
1738778266.163918,3.0
1738778266.174631,1.0
1738778266.1854582,3.0
1738778266.1964087,3.0
1738778266.2073817,3.0
1738778266.218412,3.0
1738778266.229385,3.0
1738778266.2403677,3.0
1738778266.2513537,3.0
1738778266.2623477,3.0
1738778266.2733052,3.0
1738778266.2842793,3.0
1738778266.2952254,3.0
1738778266.3070037,3.0
1738778266.3180091,3.0
1738778266.3289902,3.0
1738778266.3400288,3.0
1738778266.351029,3.0
1738778266.3620062,3.0
1738778266.3731015,3.0
1738778266.3841536,3.0
1738778266.3951936,3.0
1738778266.4062235,3.0
1738778266.41727,3.0
1738778266.4283252,3.0
1738778266.4397547,3.0
1738778266.4503725,2.0
1738778266.4614086,3.0
1738778266.4724674,3.0
1738778266.4852667,3.0
1738778266.4961832,3.0
1738778266.5072904,3.0
1738778266.5187976,3.0
1738778266.5308528,3.0
1738778266.541839,3.0
1738778266.5532944,3.0
1738778266.5643904,3.0
1738778266.575456,3.0
1738778266.5864816,3.0
1738778266.5975304,3.0
1738778266.6089392,3.0
1738778266.6199799,3.0
1738778266.6314254,3.0
1738778266.6429777,3.0
1738778266.653945,3.0
1738778266.6650486,3.0
1738778266.6761854,3.0
1738778266.6872668,3.0
1738778266.6982892,3.0
1738778266.7092876,3.0
1738778266.7202663,3.0
1738778266.7312765,3.0
1738778266.742337,3.0
1738778266.753332,3.0
1738778266.764383,3.0
1738778266.7756612,3.0
1738778266.7866788,3.0
1738778266.797627,3.0
1738778266.8095233,3.0
1738778266.8208323,3.0
1738778266.8319042,3.0
1738778266.8428721,3.0
1738778266.8538568,3.0
1738778266.8648887,3.0
1738778266.875836,3.0
1738778266.8868644,3.0
1738778266.897873,3.0
1738778266.9088843,3.0
1738778266.9198577,3.0
1738778266.930838,3.0
1738778266.9418201,3.0
1738778266.9528618,3.0
1738778266.963831,3.0
1738778266.9748797,3.0
1738778266.9858406,3.0
1738778266.9968197,3.0
1738778267.0077722,3.0
1738778267.0187771,3.0
1738778267.0297778,3.0
1738778267.0406983,3.0
1738778267.052046,3.0
1738778267.0634992,3.0
1738778267.0751586,3.0
1738778267.086762,3.0
1738778267.0982943,3.0
1738778267.1093764,3.0
1738778267.1203547,3.0
1738778267.1313415,3.0
1738778267.1437922,3.0
1738778267.154733,3.0
1738778267.1657422,3.0
1738778267.176879,3.0
1738778267.187871,3.0
1738778267.1988442,3.0
1738778267.209777,3.0
1738778267.2208176,3.0
1738778267.2318013,3.0
1738778267.2427623,3.0
1738778267.2537189,3.0
1738778267.2647967,3.0
1738778267.27584,3.0
1738778267.2867942,3.0
1738778267.2977555,3.0
1738778267.3087647,3.0
1738778267.3197513,3.0
1738778267.3307054,3.0
1738778267.341999,3.0
1738778267.353263,3.0
1738778267.3642998,3.0
1738778267.375283,3.0
1738778267.3862782,3.0
1738778267.3972492,3.0
1738778267.4082189,3.0
1738778267.4192424,3.0
1738778267.430265,3.0
1738778267.445208,3.0
1738778267.45603,3.0
1738778267.467058,3.0
1738778267.4780452,3.0
1738778267.4905684,3.0
1738778267.5015035,3.0
1738778267.5125592,3.0
1738778267.5238705,3.0
1738778267.5349512,3.0
1738778267.5459332,3.0
1738778267.556948,3.0
1738778267.5683064,3.0
1738778267.5799766,3.0
1738778267.5909417,3.0
1738778267.602584,3.0
1738778267.6138983,3.0
1738778267.6249118,3.0
1738778267.6358805,3.0
1738778267.6471622,3.0
1738778267.6581905,3.0
1738778267.6692119,3.0
1738778267.6802247,3.0
1738778267.6912448,3.0
1738778267.70221,3.0
1738778267.7132125,3.0
1738778267.7241833,3.0
1738778267.7351809,3.0
1738778267.7462287,3.0
1738778267.7572262,3.0
1738778267.7682867,3.0
1738778267.7793813,3.0
1738778267.7904384,3.0
1738778267.8017156,3.0
1738778267.813298,3.0
1738778267.8243518,3.0
1738778267.835351,3.0
1738778267.8463216,3.0
1738778267.8572874,3.0
1738778267.8683743,3.0
1738778267.8793347,3.0
1738778267.8903508,3.0
1738778267.9013264,3.0
1738778267.9122984,3.0
1738778267.923298,3.0
1738778267.9343214,3.0
1738778267.945316,3.0
1738778267.9563196,3.0
1738778267.9678943,3.0
1738778267.9788818,3.0
1738778267.9899335,3.0
1738778268.0009124,3.0
1738778268.0119383,3.0
1738778268.023042,3.0
1738778268.0340457,3.0
1738778268.0451136,3.0
1738778268.0565395,3.0
1738778268.0682795,3.0
1738778268.0793211,3.0
1738778268.0903456,3.0
1738778268.1013348,3.0
1738778268.1123655,3.0
1738778268.1234062,3.0
1738778268.1344597,3.0
1738778268.1468477,3.0
1738778268.1579385,3.0
1738778268.1725054,2.0
1738778268.1838138,1.0
1738778268.1946838,3.0
1738778268.2056859,3.0
1738778268.216708,3.0
1738778268.2277384,3.0
1738778268.2387054,3.0
1738778268.2496994,3.0
1738778268.2607076,3.0
1738778268.271808,3.0
1738778268.282833,3.0
1738778268.2938302,3.0
1738778268.3048444,3.0
1738778268.3158972,3.0
1738778268.326908,3.0
1738778268.3379438,3.0
1738778268.3489635,3.0
1738778268.3599663,3.0
1738778268.370981,3.0
1738778268.381991,3.0
1738778268.3929977,3.0
1738778268.4040344,3.0
1738778268.4150667,3.0
1738778268.4260263,3.0
1738778268.436997,3.0
1738778268.4478426,2.0
1738778268.458777,3.0
1738778268.4700327,3.0
1738778268.4828227,3.0
1738778268.4937308,3.0
1738778268.504752,3.0
1738778268.5157154,3.0
1738778268.527353,3.0
1738778268.5383663,3.0
1738778268.549377,3.0
1738778268.5609317,3.0
1738778268.5722682,3.0
1738778268.5832586,3.0
1738778268.594238,3.0
1738778268.6057334,3.0
1738778268.6167336,3.0
1738778268.6276894,3.0
1738778268.638791,3.0
1738778268.6500895,3.0
1738778268.6610577,3.0
1738778268.6722531,3.0
1738778268.6831996,3.0
1738778268.69424,3.0
1738778268.7051802,3.0
1738778268.7162178,3.0
1738778268.7271764,3.0
1738778268.7382157,3.0
1738778268.7491872,3.0
1738778268.760134,3.0
1738778268.77172,3.0
1738778268.782651,3.0
1738778268.7936451,3.0
1738778268.804732,3.0
1738778268.8162198,3.0
1738778268.8273485,3.0
1738778268.8383899,3.0
1738778268.8493478,3.0
1738778268.8603387,3.0
1738778268.871357,3.0
1738778268.8823237,3.0
1738778268.8933017,3.0
1738778268.9043005,3.0
1738778268.9152703,3.0
1738778268.9262385,3.0
1738778268.937233,3.0
1738778268.9482074,3.0
1738778268.9592338,3.0
1738778268.9702168,3.0
1738778268.9811878,3.0
1738778268.992185,3.0
1738778269.0031776,3.0
1738778269.0141418,3.0
1738778269.0250971,3.0
1738778269.0361006,3.0
1738778269.0470846,3.0
1738778269.0581963,3.0
1738778269.0700462,3.0
1738778269.0810633,3.0
1738778269.0939817,3.0
1738778269.1068442,3.0
1738778269.117829,3.0
1738778269.1288366,3.0
1738778269.1410494,3.0
1738778269.1520166,3.0
1738778269.163028,3.0
1738778269.1740215,3.0
1738778269.1849988,3.0
1738778269.1959782,3.0
1738778269.206999,3.0
1738778269.217971,3.0
1738778269.2289448,3.0
1738778269.2398982,3.0
1738778269.2508912,3.0
1738778269.2618308,3.0
1738778269.272871,3.0
1738778269.2838244,3.0
1738778269.294829,3.0
1738778269.3057983,3.0
1738778269.316756,3.0
1738778269.3277435,3.0
1738778269.338822,3.0
1738778269.3497796,3.0
1738778269.3607733,3.0
1738778269.3717577,3.0
1738778269.3826897,3.0
1738778269.3936822,3.0
1738778269.4046178,3.0
1738778269.415603,3.0
1738778269.426558,3.0
1738778269.4376645,3.0
1738778269.4480793,2.0
1738778269.4589982,3.0
1738778269.4700072,3.0
1738778269.4810638,3.0
1738778269.4931755,3.0
1738778269.5041678,3.0
1738778269.5151353,3.0
1738778269.5267048,3.0
1738778269.5377595,3.0
1738778269.5501258,3.0
1738778269.56183,3.0
1738778269.5731611,3.0
1738778269.584179,3.0
1738778269.5951796,3.0
1738778269.606561,3.0
1738778269.6175861,3.0
1738778269.628559,3.0
1738778269.639547,3.0
1738778269.6508641,3.0
1738778269.6618443,3.0
1738778269.6729364,3.0
1738778269.6851687,2.0
1738778269.697405,3.0
1738778269.708362,3.0
1738778269.7193642,3.0
1738778269.7303338,3.0
1738778269.7414572,3.0
1738778269.75242,3.0
1738778269.7634492,3.0
1738778269.77482,3.0
1738778269.7858608,3.0
1738778269.7968397,3.0
1738778269.808429,3.0
1738778269.8198698,3.0
1738778269.8308852,3.0
1738778269.8418918,3.0
1738778269.8530068,3.0
1738778269.8639767,3.0
1738778269.875009,3.0
1738778269.8859801,3.0
1738778269.8970528,3.0
1738778269.9081292,3.0
1738778269.9191341,3.0
1738778269.9301157,3.0
1738778269.9411948,3.0
1738778269.952179,3.0
1738778269.9631617,3.0
1738778269.9741013,3.0
1738778269.9856112,3.0
1738778269.9966023,3.0
1738778270.0076208,3.0
1738778270.0187614,3.0
1738778270.0297654,3.0
1738778270.0407813,3.0
1738778270.0521743,3.0
1738778270.0639882,3.0
1738778270.0750523,3.0
1738778270.0860069,3.0
1738778270.0970104,3.0
1738778270.1080017,3.0
1738778270.118974,3.0
1738778270.129953,3.0
1738778270.142559,3.0
1738778270.1535428,3.0
1738778270.164547,3.0
1738778270.175577,3.0
1738778270.1865902,3.0
1738778270.1975567,3.0
1738778270.2085512,3.0
1738778270.2195244,3.0
1738778270.2305212,3.0
1738778270.2414865,3.0
1738778270.2525032,3.0
1738778270.2635438,3.0
1738778270.2745898,3.0
1738778270.2855282,3.0
1738778270.2964866,3.0
1738778270.3074548,3.0
1738778270.3184402,3.0
1738778270.3294146,3.0
1738778270.340382,3.0
1738778270.351374,3.0
1738778270.362335,3.0
1738778270.3732653,3.0
1738778270.3842583,3.0
1738778270.39519,3.0
1738778270.406201,3.0
1738778270.417172,3.0
1738778270.4281917,3.0
1738778270.4397893,3.0
1738778270.4528883,3.0
1738778270.4638164,3.0
1738778270.4748495,3.0
1738778270.4858873,3.0
1738778270.497611,3.0
1738778270.5085895,3.0
1738778270.519951,3.0
1738778270.5313861,3.0
1738778270.5424757,3.0
1738778270.5539134,3.0
1738778270.565294,3.0
1738778270.5763204,3.0
1738778270.587281,3.0
1738778270.598283,3.0
1738778270.609588,3.0
1738778270.6205559,3.0
1738778270.631883,3.0
1738778270.643192,3.0
1738778270.6541266,3.0
1738778270.665109,3.0
1738778270.6761124,3.0
1738778270.6870859,3.0
1738778270.6980875,3.0
1738778270.7090669,3.0
1738778270.7200804,3.0
1738778270.7310438,3.0
1738778270.7420378,3.0
1738778270.7529697,3.0
1738778270.763935,3.0
1738778270.775313,3.0
1738778270.7863448,3.0
1738778270.797297,3.0
1738778270.8086958,3.0
1738778270.8206122,3.0
1738778270.831624,3.0
1738778270.8426259,3.0
1738778270.8537672,3.0
1738778270.864959,3.0
1738778270.8759837,3.0
1738778270.8869727,3.0
1738778270.8983042,3.0
1738778270.9094093,3.0
1738778270.920388,3.0
1738778270.9319031,3.0
1738778270.943442,3.0
1738778270.9544716,3.0
1738778270.9654424,3.0
1738778270.9764585,3.0
1738778270.9874175,3.0
1738778270.998435,3.0
1738778271.0094447,3.0
1738778271.020412,3.0
1738778271.0313842,3.0
1738778271.042389,3.0
1738778271.0533135,3.0
1738778271.0643587,3.0
1738778271.0753891,3.0
1738778271.0863657,3.0
1738778271.0973246,3.0
1738778271.1082985,3.0
1738778271.1194417,3.0
1738778271.1304545,3.0
1738778271.142971,3.0
1738778271.153897,3.0
1738778271.1654418,3.0
1738778271.1765018,3.0
1738778271.1884785,3.0
1738778271.1994617,3.0
1738778271.210426,3.0
1738778271.2214108,3.0
1738778271.2324162,3.0
1738778271.2434208,3.0
1738778271.254371,3.0
1738778271.2653158,3.0
1738778271.276279,3.0
1738778271.287288,3.0
1738778271.2982392,3.0
1738778271.3092155,3.0
1738778271.3202016,3.0
1738778271.3316464,3.0
1738778271.3426468,3.0
1738778271.3536036,3.0
1738778271.3646164,3.0
1738778271.3755815,3.0
1738778271.3865964,3.0
1738778271.3975646,3.0
1738778271.4085457,3.0
1738778271.419525,3.0
1738778271.4311218,3.0
1738778271.4424717,3.0
1738778271.454717,3.0
1738778271.4657283,3.0
1738778271.4767714,3.0
1738778271.4877613,3.0
1738778271.4994504,3.0
1738778271.510418,3.0
1738778271.5217426,3.0
1738778271.5332792,3.0
1738778271.544314,3.0
1738778271.5558217,3.0
1738778271.5671704,3.0
1738778271.5782354,3.0
1738778271.589253,3.0
1738778271.6002,3.0
1738778271.6111794,3.0
1738778271.6221411,3.0
1738778271.6331685,3.0
1738778271.6447463,3.0
1738778271.65579,3.0
1738778271.6667967,3.0
1738778271.6778407,3.0
1738778271.688816,3.0
1738778271.6998732,3.0
1738778271.7108047,3.0
1738778271.7217343,3.0
1738778271.7327757,3.0
1738778271.7438788,3.0
1738778271.7548852,3.0
1738778271.7658672,3.0
1738778271.7771811,3.0
1738778271.7881837,3.0
1738778271.79922,3.0
1738778271.8110552,3.0
1738778271.822047,3.0
1738778271.833029,3.0
1738778271.8440335,3.0
1738778271.8550425,3.0
1738778271.8660522,3.0
1738778271.8770545,3.0
1738778271.8880615,3.0
1738778271.8990502,3.0
1738778271.909993,3.0
1738778271.9210107,3.0
1738778271.9320242,3.0
1738778271.9430528,3.0
1738778271.95401,3.0
1738778271.9650283,3.0
1738778271.9760087,3.0
1738778271.9869862,3.0
1738778271.9979858,3.0
1738778272.0093708,3.0
1738778272.0203812,3.0
1738778272.0314,3.0
1738778272.0423834,3.0
1738778272.054156,3.0
1738778272.0655358,3.0
1738778272.0766904,3.0
1738778272.0876894,3.0
1738778272.0987234,3.0
1738778272.109709,3.0
1738778272.1206903,3.0
1738778272.1318612,3.0
1738778272.1442723,3.0
1738778272.1552308,3.0
1738778272.1662252,3.0
1738778272.177423,3.0
1738778272.1884394,3.0
1738778272.1999116,3.0
1738778272.2108982,3.0
1738778272.2218826,3.0
1738778272.2328854,3.0
1738778272.2438421,3.0
1738778272.2548912,3.0
1738778272.2659252,3.0
1738778272.2769594,3.0
1738778272.287738,1.0
1738778272.2984927,1.0
1738778272.3092191,3.0
1738778272.3202293,3.0
1738778272.3312838,3.0
1738778272.3424013,3.0
1738778272.353387,3.0
1738778272.364427,3.0
1738778272.3754392,3.0
1738778272.3864796,3.0
1738778272.3974535,3.0
1738778272.4084787,3.0
1738778272.4195132,3.0
1738778272.430576,3.0
1738778272.4420793,3.0
1738778272.4544718,3.0
1738778272.4654822,3.0
1738778272.4766307,3.0
1738778272.4877007,3.0
1738778272.499419,3.0
1738778272.510507,3.0
1738778272.5218556,3.0
1738778272.5333667,3.0
1738778272.5444405,3.0
1738778272.5559065,3.0
1738778272.5671968,3.0
1738778272.5782728,3.0
1738778272.5892699,3.0
1738778272.6003175,3.0
1738778272.6113148,3.0
1738778272.6223254,3.0
1738778272.6336634,3.0
1738778272.645116,3.0
1738778272.656112,3.0
1738778272.6671004,3.0
1738778272.678229,3.0
1738778272.6891847,3.0
1738778272.7007444,3.0
1738778272.7117054,3.0
1738778272.7263048,2.0
1738778272.7378857,1.0
1738778272.7486641,3.0
1738778272.7596292,3.0
1738778272.7708848,3.0
1738778272.7819085,3.0
1738778272.7929313,3.0
1738778272.8045752,3.0
1738778272.8160095,3.0
1738778272.8270316,3.0
1738778272.8380058,3.0
1738778272.848961,3.0
1738778272.8600154,3.0
1738778272.8709905,3.0
1738778272.8819783,3.0
1738778272.8930454,3.0
1738778272.9040396,3.0
1738778272.9150064,3.0
1738778272.9260368,3.0
1738778272.9370246,3.0
1738778272.9480503,3.0
1738778272.9590578,3.0
1738778272.9700563,3.0
1738778272.9810646,3.0
1738778272.9920785,3.0
1738778273.0030377,3.0
1738778273.0140383,3.0
1738778273.0250034,3.0
1738778273.0360482,3.0
1738778273.0470226,3.0
1738778273.0585492,3.0
1738778273.070698,3.0
1738778273.0816967,3.0
1738778273.0927398,3.0
1738778273.1037257,3.0
1738778273.114687,3.0
1738778273.125738,3.0
1738778273.1367216,3.0
1738778273.149119,3.0
1738778273.1601357,3.0
1738778273.171161,3.0
1738778273.1821468,3.0
1738778273.1931412,3.0
1738778273.2041688,3.0
1738778273.2152572,3.0
1738778273.2262392,3.0
1738778273.2372377,3.0
1738778273.2481978,3.0
1738778273.2592437,3.0
1738778273.2701719,3.0
1738778273.2811692,3.0
1738778273.2921402,3.0
1738778273.3031697,3.0
1738778273.314123,3.0
1738778273.3251147,3.0
1738778273.3360837,3.0
1738778273.3471537,3.0
1738778273.3581147,3.0
1738778273.369097,3.0
1738778273.3801117,3.0
1738778273.391133,3.0
1738778273.4021165,3.0
1738778273.413118,3.0
1738778273.424132,3.0
1738778273.4351802,3.0
1738778273.448334,3.0
1738778273.4592857,3.0
1738778273.4705894,3.0
1738778273.4815457,3.0
1738778273.493616,3.0
1738778273.5046022,3.0
1738778273.5156367,3.0
1738778273.5274444,3.0
1738778273.538655,3.0
1738778273.5496528,3.0
1738778273.5611959,3.0
1738778273.5726035,3.0
1738778273.583688,3.0
1738778273.594999,3.0
1738778273.606478,3.0
1738778273.6174946,3.0
1738778273.6285796,3.0
1738778273.6396868,3.0
1738778273.650934,3.0
1738778273.6619587,3.0
1738778273.6730747,3.0
1738778273.684143,3.0
1738778273.695227,3.0
1738778273.7062411,3.0
1738778273.717334,3.0
1738778273.7283647,3.0
1738778273.7393641,3.0
1738778273.7504084,3.0
1738778273.761419,3.0
1738778273.7728872,3.0
1738778273.7839148,3.0
1738778273.7949443,3.0
1738778273.806525,3.0
1738778273.8178525,3.0
1738778273.828873,3.0
1738778273.8399317,3.0
1738778273.8509805,3.0
1738778273.8619857,3.0
1738778273.8730032,3.0
1738778273.8840487,3.0
1738778273.8951156,3.0
1738778273.9061184,3.0
1738778273.917178,3.0
1738778273.928235,3.0
1738778273.9392376,3.0
1738778273.9502642,3.0
1738778273.9612622,3.0
1738778273.9722831,3.0
1738778273.9832919,3.0
1738778273.9943044,3.0
1738778274.0053043,3.0
1738778274.016846,3.0
1738778274.0279179,3.0
1738778274.0389938,3.0
1738778274.050018,3.0
1738778274.0613787,3.0
1738778274.0729866,3.0
1738778274.084071,3.0
1738778274.0951397,3.0
1738778274.1064727,3.0
1738778274.1200097,3.0
1738778274.131217,3.0
1738778274.143812,3.0
1738778274.1547668,3.0
1738778274.1659076,3.0
1738778274.1769655,3.0
1738778274.1879988,3.0
1738778274.1992564,3.0
1738778274.2103627,3.0
1738778274.2214026,3.0
1738778274.2324257,3.0
1738778274.2434902,3.0
1738778274.2545204,3.0
1738778274.265578,3.0
1738778274.2766645,3.0
1738778274.287691,3.0
1738778274.2987323,3.0
1738778274.309728,3.0
1738778274.3207476,3.0
1738778274.3318126,3.0
1738778274.342844,3.0
1738778274.3538504,3.0
1738778274.3648958,3.0
1738778274.3759146,3.0
1738778274.3870087,3.0
1738778274.3979564,3.0
1738778274.4089818,3.0
1738778274.4200397,3.0
1738778274.4310253,3.0
1738778274.4426436,3.0
1738778274.4529583,2.0
1738778274.4639192,3.0
1738778274.4749932,3.0
1738778274.487565,3.0
1738778274.500469,3.0
1738778274.5115259,3.0
1738778274.5229278,3.0
1738778274.534329,3.0
1738778274.5453286,3.0
1738778274.5567605,3.0
1738778274.568103,3.0
1738778274.5791042,3.0
1738778274.590108,3.0
1738778274.6012216,3.0
1738778274.6122372,3.0
1738778274.6233103,3.0
1738778274.6343198,3.0
1738778274.6459098,3.0
1738778274.656993,3.0
1738778274.668036,3.0
1738778274.679124,3.0
1738778274.690118,3.0
1738778274.7011416,3.0
1738778274.7121713,3.0
1738778274.7232046,3.0
1738778274.734142,3.0
1738778274.74519,3.0
1738778274.7561562,3.0
1738778274.767125,3.0
1738778274.7784107,3.0
1738778274.78943,3.0
1738778274.8004248,3.0
1738778274.8126135,3.0
1738778274.8240342,3.0
1738778274.835128,3.0
1738778274.8462381,3.0
1738778274.8572574,3.0
1738778274.868244,3.0
1738778274.8792784,3.0
1738778274.890282,3.0
1738778274.901337,3.0
1738778274.9123561,3.0
1738778274.9233694,3.0
1738778274.9343882,3.0
1738778274.9453611,3.0
1738778274.956377,3.0
1738778274.9674022,3.0
1738778274.9783902,3.0
1738778274.9893403,3.0
1738778275.0003228,3.0
1738778275.0114322,3.0
1738778275.0225267,3.0
1738778275.0335348,3.0
1738778275.044587,3.0
1738778275.0555868,3.0
1738778275.066795,3.0
1738778275.0785766,3.0
1738778275.0895915,3.0
1738778275.1005847,3.0
1738778275.1116211,3.0
1738778275.1226342,3.0
1738778275.1336472,3.0
1738778275.1461077,3.0
1738778275.157097,3.0
1738778275.168076,3.0
1738778275.1791706,3.0
1738778275.1902165,3.0
1738778275.2012293,3.0
1738778275.212195,3.0
1738778275.2231781,3.0
1738778275.2341545,3.0
1738778275.2451482,3.0
1738778275.2561374,3.0
1738778275.2671134,3.0
1738778275.2781227,3.0
1738778275.2890809,3.0
1738778275.3000925,3.0
1738778275.3110814,3.0
1738778275.3220224,3.0
1738778275.3329906,3.0
1738778275.3439794,3.0
1738778275.3550138,3.0
1738778275.3660018,3.0
1738778275.3769855,3.0
1738778275.387935,3.0
1738778275.3988836,3.0
1738778275.4098785,3.0
1738778275.4208577,3.0
1738778275.4318533,3.0
1738778275.446522,3.0
1738778275.4573948,3.0
1738778275.4684377,3.0
1738778275.4795024,3.0
1738778275.4921293,3.0
1738778275.5031588,3.0
1738778275.5142,3.0
1738778275.5260637,3.0
1738778275.537008,3.0
1738778275.548124,3.0
1738778275.5597482,3.0
1738778275.571041,3.0
1738778275.5820367,3.0
1738778275.5929978,3.0
1738778275.604021,3.0
1738778275.615145,3.0
1738778275.626138,3.0
1738778275.6371439,3.0
1738778275.6487744,3.0
1738778275.6597862,3.0
1738778275.670966,3.0
1738778275.6820352,3.0
1738778275.693105,3.0
1738778275.7041044,3.0
1738778275.7150931,3.0
1738778275.726064,3.0
1738778275.7370605,3.0
1738778275.7481773,3.0
1738778275.759154,3.0
1738778275.7703855,3.0
1738778275.7813792,3.0
1738778275.792438,3.0
1738778275.803461,3.0
1738778275.8151257,3.0
1738778275.82623,3.0
1738778275.837239,3.0
1738778275.8482614,3.0
1738778275.859301,3.0
1738778275.8702464,3.0
1738778275.8812912,3.0
1738778275.8923266,3.0
1738778275.903508,3.0
1738778275.9144616,3.0
1738778275.9254694,3.0
1738778275.9365273,3.0
1738778275.9475315,3.0
1738778275.9584906,3.0
1738778275.969524,3.0
1738778275.9805176,3.0
1738778275.9914632,3.0
1738778276.0024621,3.0
1738778276.0134513,3.0
1738778276.0244408,3.0
1738778276.036133,3.0
1738778276.047135,3.0
1738778276.0583508,3.0
1738778276.0703993,3.0
1738778276.0814338,3.0
1738778276.0925014,3.0
1738778276.103551,3.0
1738778276.1145453,3.0
1738778276.1256502,3.0
1738778276.1380239,3.0
1738778276.149313,3.0
1738778276.1603158,3.0
1738778276.1713502,3.0
1738778276.1823971,3.0
1738778276.193388,3.0
1738778276.2044637,3.0
1738778276.215526,3.0
1738778276.2265816,3.0
1738778276.2375512,3.0
1738778276.2485335,3.0
1738778276.2595448,3.0
1738778276.2705657,3.0
1738778276.2816143,3.0
1738778276.2926497,3.0
1738778276.3036246,3.0
1738778276.3146317,3.0
1738778276.3256135,3.0
1738778276.3365963,3.0
1738778276.347596,3.0
1738778276.3585858,3.0
1738778276.3695884,3.0
1738778276.3806224,3.0
1738778276.3916156,3.0
1738778276.40261,3.0
1738778276.4136133,3.0
1738778276.4246461,3.0
1738778276.4356797,3.0
1738778276.4466035,2.0
1738778276.457425,3.0
1738778276.4684117,3.0
1738778276.4796813,3.0
1738778276.4923036,3.0
1738778276.503303,3.0
1738778276.5143244,3.0
1738778276.5262125,3.0
1738778276.5371795,3.0
1738778276.5482526,3.0
1738778276.5597038,3.0
1738778276.571048,3.0
1738778276.5820317,3.0
1738778276.5930471,3.0
1738778276.6041257,3.0
1738778276.6152592,3.0
1738778276.626237,3.0
1738778276.637619,3.0
1738778276.649109,3.0
1738778276.660203,3.0
1738778276.6714005,3.0
1738778276.6824074,3.0
1738778276.6934264,3.0
1738778276.7044137,3.0
1738778276.7154465,3.0
1738778276.7264516,3.0
1738778276.7374163,3.0
1738778276.7484543,3.0
1738778276.7594628,3.0
1738778276.7708826,3.0
1738778276.7818487,3.0
1738778276.7928638,3.0
1738778276.8049955,3.0
1738778276.8163595,3.0
1738778276.8274348,3.0
1738778276.838471,3.0
1738778276.8494356,3.0
1738778276.860469,3.0
1738778276.871461,3.0
1738778276.8825402,3.0
1738778276.8935359,3.0
1738778276.9045255,3.0
1738778276.9155262,3.0
1738778276.926511,3.0
1738778276.9374876,3.0
1738778276.9485037,3.0
1738778276.9595273,3.0
1738778276.9705083,3.0
1738778276.9815078,3.0
1738778276.9925165,3.0
1738778277.0035186,3.0
1738778277.014507,3.0
1738778277.0255327,3.0
1738778277.0365345,3.0
1738778277.0475407,3.0
1738778277.0587242,3.0
1738778277.070034,3.0
1738778277.081225,3.0
1738778277.0922313,3.0
1738778277.1032379,3.0
1738778277.114264,3.0
1738778277.1252844,3.0
1738778277.1363459,3.0
1738778277.148867,3.0
1738778277.1599393,3.0
1738778277.1709921,3.0
1738778277.182154,3.0
1738778277.1931543,3.0
1738778277.2041855,3.0
1738778277.2151752,3.0
1738778277.2262096,3.0
1738778277.2372358,3.0
1738778277.248253,3.0
1738778277.2592356,3.0
1738778277.2702456,3.0
1738778277.2812994,3.0
1738778277.2922788,3.0
1738778277.3032858,3.0
1738778277.3149147,3.0
1738778277.3258739,3.0
1738778277.3368843,3.0
1738778277.347903,3.0
1738778277.3588834,3.0
1738778277.3699722,3.0
1738778277.3810384,3.0
1738778277.392,3.0
1738778277.4030676,3.0
1738778277.4140627,3.0
1738778277.4250312,3.0
1738778277.4360058,3.0
1738778277.4469757,2.0
1738778277.4578125,3.0
1738778277.4688056,3.0
1738778277.479828,3.0
1738778277.4924312,3.0
1738778277.503471,3.0
1738778277.5144367,3.0
1738778277.5263193,3.0
1738778277.5372922,3.0
1738778277.5483098,3.0
1738778277.5598602,3.0
1738778277.5708494,3.0
1738778277.5818055,3.0
1738778277.592795,3.0
1738778277.6041477,3.0
1738778277.6150782,3.0
1738778277.6261027,3.0
1738778277.6373014,3.0
1738778277.6488745,3.0
1738778277.6598847,3.0
1738778277.67087,3.0
1738778277.6820009,3.0
1738778277.6930819,3.0
1738778277.704122,3.0
1738778277.7151656,3.0
1738778277.7260973,3.0
1738778277.737103,3.0
1738778277.7481718,3.0
1738778277.7591527,3.0
1738778277.770582,3.0
1738778277.7815444,3.0
1738778277.7925851,3.0
1738778277.8036714,3.0
1738778277.8163867,3.0
1738778277.8279223,3.0
1738778277.838927,3.0
1738778277.8499215,3.0
1738778277.8609252,3.0
1738778277.871906,3.0
1738778277.8829813,3.0
1738778277.893969,3.0
1738778277.9049618,3.0
1738778277.9159563,3.0
1738778277.9269512,3.0
1738778277.9380589,3.0
1738778277.9492297,3.0
1738778277.9602427,3.0
1738778277.9713027,3.0
1738778277.9823172,3.0
1738778277.9932892,3.0
1738778278.0043275,3.0
1738778278.0153368,3.0
1738778278.0263638,3.0
1738778278.0373104,3.0
1738778278.0487342,3.0
1738778278.059919,3.0
1738778278.0712361,3.0
1738778278.0822349,3.0
1738778278.0932467,3.0
1738778278.1042352,3.0
1738778278.1152358,3.0
1738778278.1262383,3.0
1738778278.1385212,3.0
1738778278.1497717,3.0
1738778278.160792,3.0
1738778278.1718016,3.0
1738778278.1827934,3.0
1738778278.193795,3.0
1738778278.2048275,3.0
1738778278.2158167,3.0
1738778278.226841,3.0
1738778278.2378209,3.0
1738778278.2487838,3.0
1738778278.2597737,3.0
1738778278.2707846,3.0
1738778278.2818038,3.0
1738778278.292795,3.0
1738778278.303777,3.0
1738778278.314737,3.0
1738778278.325687,3.0
1738778278.336724,3.0
1738778278.3477218,3.0
1738778278.3587313,3.0
1738778278.369721,3.0
1738778278.3807209,3.0
1738778278.391694,3.0
1738778278.4026678,3.0
1738778278.4136314,3.0
1738778278.4246736,3.0
1738778278.4357219,3.0
1738778278.446723,2.0
1738778278.4576283,3.0
1738778278.4686704,3.0
1738778278.4797535,3.0
1738778278.4923315,3.0
1738778278.5034044,3.0
1738778278.5143812,3.0
1738778278.5262022,3.0
1738778278.5371084,3.0
1738778278.5481007,3.0
1738778278.559669,3.0
1738778278.571244,3.0
1738778278.5822861,3.0
1738778278.5932817,3.0
1738778278.604338,3.0
1738778278.6154556,3.0
1738778278.6264699,3.0
1738778278.6374545,3.0
1738778278.649684,3.0
1738778278.6606944,3.0
1738778278.6718612,3.0
1738778278.6829271,3.0
1738778278.6939814,3.0
1738778278.7049744,3.0
1738778278.715988,3.0
1738778278.727013,3.0
1738778278.7380264,3.0
1738778278.7490501,3.0
1738778278.7600718,3.0
1738778278.7715666,3.0
1738778278.7825735,3.0
1738778278.793524,3.0
1738778278.8044875,3.0
1738778278.8159904,3.0
1738778278.8270648,3.0
1738778278.8380334,3.0
1738778278.849082,3.0
1738778278.8601012,3.0
1738778278.8711433,3.0
1738778278.8821158,3.0
1738778278.8931406,3.0
1738778278.9041426,3.0
1738778278.9151306,3.0
1738778278.9261503,3.0
1738778278.9371467,3.0
1738778278.9481127,3.0
1738778278.9590995,3.0
1738778278.9700491,3.0
1738778278.9810426,3.0
1738778278.992027,3.0
1738778279.0030506,3.0
1738778279.0140204,3.0
1738778279.025034,3.0
1738778279.0360174,3.0
1738778279.0470355,3.0
1738778279.0587585,3.0
1738778279.069705,3.0
1738778279.0807035,3.0
1738778279.0917568,3.0
1738778279.1027813,3.0
1738778279.1137662,3.0
1738778279.1248662,3.0
1738778279.1382825,3.0
1738778279.149895,3.0
1738778279.1609418,3.0
1738778279.1720173,3.0
1738778279.183012,3.0
1738778279.1939805,3.0
1738778279.2049973,3.0
1738778279.2160287,3.0
1738778279.2270658,3.0
1738778279.2380352,3.0
1738778279.2490969,3.0
1738778279.2601173,3.0
1738778279.271144,3.0
1738778279.2821417,3.0
1738778279.2931392,3.0
1738778279.3041408,3.0
1738778279.3151727,3.0
1738778279.3261304,3.0
1738778279.3371112,3.0
1738778279.3481054,3.0
1738778279.3590996,3.0
1738778279.370091,3.0
1738778279.3811378,3.0
1738778279.3921669,3.0
1738778279.4031904,3.0
1738778279.414163,3.0
1738778279.4252157,3.0
1738778279.4362319,3.0
1738778279.4512715,3.0
1738778279.4632525,3.0
1738778279.474313,3.0
1738778279.485361,3.0
1738778279.4967077,3.0
1738778279.5085378,3.0
1738778279.5200887,3.0
1738778279.5311193,3.0
1738778279.5426207,3.0
1738778279.553782,3.0
1738778279.5655353,3.0
1738778279.5765934,3.0
1738778279.5876157,3.0
1738778279.5986354,3.0
1738778279.6096814,3.0
1738778279.6206672,3.0
1738778279.6316419,3.0
1738778279.643074,3.0
1738778279.6540499,3.0
1738778279.665025,3.0
1738778279.676176,3.0
1738778279.6899126,2.0
1738778279.700739,3.0
1738778279.7117689,3.0
1738778279.722801,3.0
1738778279.7337902,3.0
1738778279.7448423,3.0
1738778279.7558482,3.0
1738778279.7667606,3.0
1738778279.7780552,3.0
1738778279.7890894,3.0
1738778279.8001566,3.0
1738778279.8125799,3.0
1738778279.8236704,3.0
1738778279.8346734,3.0
1738778279.8457916,3.0
1738778279.8568602,3.0
1738778279.867862,3.0
1738778279.878878,3.0
1738778279.889928,3.0
1738778279.9012635,3.0
1738778279.9122665,3.0
1738778279.9232464,3.0
1738778279.934279,3.0
1738778279.9452846,3.0
1738778279.9563742,3.0
1738778279.9673784,3.0
1738778279.9783716,3.0
1738778279.9893262,3.0
1738778280.000322,3.0
1738778280.0112824,3.0
1738778280.02245,3.0
1738778280.0334527,3.0
1738778280.044466,3.0
1738778280.0554817,3.0
1738778280.0676746,3.0
1738778280.078697,3.0
1738778280.0897334,3.0
1738778280.1007957,3.0
1738778280.1117723,3.0
1738778280.1227612,3.0
1738778280.1337566,3.0
1738778280.1460977,3.0
1738778280.1571422,3.0
1738778280.1682186,3.0
1738778280.179226,3.0
1738778280.1902356,3.0
1738778280.2012167,3.0
1738778280.2122107,3.0
1738778280.2231972,3.0
1738778280.234171,3.0
1738778280.2451725,3.0
1738778280.2561755,3.0
1738778280.267173,3.0
1738778280.2781992,3.0
1738778280.289222,3.0
1738778280.3002272,3.0
1738778280.3112228,3.0
1738778280.3221757,3.0
1738778280.3331587,3.0
1738778280.3441648,3.0
1738778280.3551872,3.0
1738778280.366265,3.0
1738778280.3772626,3.0
1738778280.3882957,3.0
1738778280.3992841,3.0
1738778280.410264,3.0
1738778280.4212444,3.0
1738778280.43224,3.0
1738778280.4437387,3.0
1738778280.4560952,3.0
1738778280.4671252,3.0
1738778280.4781382,3.0
1738778280.48915,3.0
1738778280.5010915,3.0
1738778280.5120978,3.0
1738778280.5233264,3.0
1738778280.5346868,3.0
1738778280.545666,3.0
1738778280.5567021,3.0
1738778280.568154,3.0
1738778280.5794618,3.0
1738778280.5904484,3.0
1738778280.601497,3.0
1738778280.6125333,3.0
1738778280.6235418,3.0
1738778280.6345754,3.0
1738778280.6464517,3.0
1738778280.6574712,3.0
1738778280.6684964,3.0
1738778280.6795318,3.0
1738778280.6906102,3.0
1738778280.7016351,3.0
1738778280.7126882,3.0
1738778280.7236753,3.0
1738778280.7347226,3.0
1738778280.7457774,3.0
1738778280.7568145,3.0
1738778280.7745981,3.0
1738778280.7855556,1.0
1738778280.7963483,3.0
1738778280.8075948,3.0
1738778280.8189275,3.0
1738778280.829927,3.0
1738778280.84097,3.0
1738778280.8519406,3.0
1738778280.8629968,3.0
1738778280.873981,3.0
1738778280.8850398,3.0
1738778280.8972037,3.0
1738778280.9084032,3.0
1738778280.9194548,3.0
1738778280.9304504,3.0
1738778280.941453,3.0
1738778280.9524992,3.0
1738778280.9636636,3.0
1738778280.974696,3.0
1738778280.9857147,3.0
1738778280.9967322,3.0
1738778281.0077727,3.0
1738778281.018822,3.0
1738778281.0298193,3.0
1738778281.0408607,3.0
1738778281.0518866,3.0
1738778281.0640955,3.0
1738778281.075129,3.0
1738778281.0861413,3.0
1738778281.0972483,3.0
1738778281.1082346,3.0
1738778281.119609,3.0
1738778281.1306221,3.0
1738778281.1432743,3.0
1738778281.154331,3.0
1738778281.1653755,3.0
1738778281.1764462,3.0
1738778281.1875024,3.0
1738778281.1985092,3.0
1738778281.2095497,3.0
1738778281.2205944,3.0
1738778281.2316253,3.0
1738778281.2426224,3.0
1738778281.2536974,3.0
1738778281.264743,3.0
1738778281.2757077,3.0
1738778281.2868168,3.0
1738778281.2978604,3.0
1738778281.308884,3.0
1738778281.319881,3.0
1738778281.3308578,3.0
1738778281.3419068,3.0
1738778281.3529263,3.0
1738778281.3639352,3.0
1738778281.3749251,3.0
1738778281.3858922,3.0
1738778281.3969505,3.0
1738778281.408519,3.0
1738778281.4194956,3.0
1738778281.4304953,3.0
1738778281.4419174,3.0
1738778281.4551787,3.0
1738778281.4661627,3.0
1738778281.4771934,3.0
1738778281.4882445,3.0
1738778281.500161,3.0
1738778281.5111961,3.0
1738778281.5226119,3.0
1738778281.5342097,3.0
1738778281.5451915,3.0
1738778281.5562415,3.0
1738778281.5680647,3.0
1738778281.5790398,3.0
1738778281.5900154,3.0
1738778281.6011245,3.0
1738778281.6123013,3.0
1738778281.6233752,3.0
1738778281.6344256,3.0
1738778281.6459806,3.0
1738778281.657144,3.0
1738778281.6681497,3.0
1738778281.6792693,3.0
1738778281.6903434,3.0
1738778281.7014968,3.0
1738778281.712479,3.0
1738778281.723456,3.0
1738778281.7344835,3.0
1738778281.7454684,3.0
1738778281.7564523,3.0
1738778281.767435,3.0
1738778281.778819,3.0
1738778281.7898595,3.0
1738778281.8008802,3.0
1738778281.8124404,3.0
1738778281.8235874,3.0
1738778281.8345933,3.0
1738778281.8456078,3.0
1738778281.8566117,3.0
1738778281.867643,3.0
1738778281.8786285,3.0
1738778281.889677,3.0
1738778281.9006786,3.0
1738778281.911746,3.0
1738778281.9234645,3.0
1738778281.9345267,3.0
1738778281.9455717,3.0
1738778281.9566317,3.0
1738778281.9676282,3.0
1738778281.9786906,3.0
1738778281.9896834,3.0
1738778282.0007503,3.0
1738778282.0117872,3.0
1738778282.022797,3.0
1738778282.0337698,3.0
1738778282.0448434,3.0
1738778282.0558639,3.0
1738778282.0675359,3.0
1738778282.0791388,3.0
1738778282.0902681,3.0
1738778282.1012683,3.0
1738778282.1123183,3.0
1738778282.123345,3.0
1738778282.134488,3.0
1738778282.1468513,3.0
1738778282.1579046,3.0
1738778282.1689384,3.0
1738778282.180109,3.0
1738778282.1911469,3.0
1738778282.202191,3.0
1738778282.2132087,3.0
1738778282.2242,3.0
1738778282.2352047,3.0
1738778282.246174,3.0
1738778282.2573636,3.0
1738778282.2683294,3.0
1738778282.2793427,3.0
1738778282.2903843,3.0
1738778282.3015225,3.0
1738778282.3125358,3.0
1738778282.3239577,3.0
1738778282.334927,1.0
1738778282.3465664,1.0
1738778282.3573847,3.0
1738778282.3683977,3.0
1738778282.3797748,3.0
1738778282.3907685,3.0
1738778282.4017825,3.0
1738778282.4136808,3.0
1738778282.4246573,3.0
1738778282.435712,3.0
1738778282.4477818,3.0
1738778282.4599867,3.0
1738778282.47107,3.0
1738778282.4820871,3.0
1738778282.4945045,3.0
1738778282.5056589,3.0
1738778282.5167255,3.0
1738778282.527812,3.0
1738778282.539305,3.0
1738778282.5502868,3.0
1738778282.5613794,3.0
1738778282.5723746,3.0
1738778282.5839386,3.0
1738778282.594968,3.0
1738778282.6062756,3.0
1738778282.6181052,3.0
1738778282.6291175,3.0
1738778282.6401277,3.0
1738778282.6519263,3.0
1738778282.6629694,3.0
1738778282.6740105,3.0
1738778282.6850371,3.0
1738778282.6960845,3.0
1738778282.7070413,3.0
1738778282.7180572,3.0
1738778282.7290404,3.0
1738778282.7400515,3.0
1738778282.7510698,3.0
1738778282.7620938,3.0
1738778282.7734864,3.0
1738778282.7844272,3.0
1738778282.7954245,3.0
1738778282.806415,3.0
1738778282.8179784,3.0
1738778282.828995,3.0
1738778282.8399944,3.0
1738778282.8511112,3.0
1738778282.862074,3.0
1738778282.8730967,3.0
1738778282.8840623,3.0
1738778282.8951468,3.0
1738778282.9061067,3.0
1738778282.9170911,3.0
1738778282.9280865,3.0
1738778282.9398215,3.0
1738778282.9508743,3.0
1738778282.9618583,3.0
1738778282.9728677,3.0
1738778282.9838564,3.0
1738778282.9949782,3.0
1738778283.00598,3.0
1738778283.0169458,3.0
1738778283.0279462,3.0
1738778283.038938,3.0
1738778283.0498981,3.0
1738778283.0615427,3.0
1738778283.07327,3.0
1738778283.084346,3.0
1738778283.0954437,3.0
1738778283.106439,3.0
1738778283.1174269,3.0
1738778283.1284137,3.0
1738778283.1405416,3.0
1738778283.1518512,3.0
1738778283.1629145,3.0
1738778283.1740787,3.0
1738778283.1849856,3.0
1738778283.1959531,3.0
1738778283.2069433,3.0
1738778283.217859,3.0
1738778283.2287848,3.0
1738778283.239648,3.0
1738778283.2505844,3.0
1738778283.261453,3.0
1738778283.272706,3.0
1738778283.2836332,3.0
1738778283.294573,3.0
1738778283.306004,3.0
1738778283.3169355,3.0
1738778283.327865,3.0
1738778283.3387702,3.0
1738778283.3497183,3.0
1738778283.3608036,3.0
1738778283.3721883,3.0
1738778283.383117,3.0
1738778283.3940506,3.0
1738778283.4049742,3.0
1738778283.4159424,3.0
1738778283.4268236,3.0
1738778283.4377708,3.0
1738778283.4496024,2.0
1738778283.4605165,3.0
1738778283.4717662,3.0
1738778283.4847105,3.0
1738778283.4957032,3.0
1738778283.506843,3.0
1738778283.5179918,3.0
1738778283.5297945,3.0
1738778283.5409029,3.0
1738778283.552055,3.0
1738778283.5636778,3.0
1738778283.5753553,3.0
1738778283.586551,3.0
1738778283.5977936,3.0
1738778283.6096497,3.0
1738778283.6211343,3.0
1738778283.6323745,3.0
1738778283.6440935,3.0
1738778283.6552248,3.0
1738778283.6663263,3.0
1738778283.6774921,3.0
1738778283.688657,3.0
1738778283.699843,3.0
1738778283.7109964,3.0
1738778283.7220812,3.0
1738778283.7331822,3.0
1738778283.7443008,3.0
1738778283.755463,3.0
1738778283.7666097,3.0
1738778283.7779977,3.0
1738778283.7891223,3.0
1738778283.800269,3.0
1738778283.8118196,3.0
1738778283.8236713,3.0
1738778283.8348088,3.0
1738778283.8459735,3.0
1738778283.8570385,3.0
1738778283.8680615,3.0
1738778283.8791282,3.0
1738778283.8902075,3.0
1738778283.901254,3.0
1738778283.9123092,3.0
1738778283.9233367,3.0
1738778283.9343677,3.0
1738778283.9454365,3.0
1738778283.956461,3.0
1738778283.967522,3.0
1738778283.978564,3.0
1738778283.989604,3.0
1738778284.0006669,3.0
1738778284.0116704,3.0
1738778284.0227368,3.0
1738778284.0337582,3.0
1738778284.0447931,3.0
1738778284.0558114,3.0
1738778284.067236,3.0
1738778284.0789046,3.0
1738778284.0899372,3.0
1738778284.1014047,3.0
1738778284.1125693,3.0
1738778284.1236255,3.0
1738778284.1347616,3.0
1738778284.149223,3.0
1738778284.1623192,3.0
1738778284.1734223,3.0
1738778284.1845558,3.0
1738778284.195706,3.0
1738778284.2068427,3.0
1738778284.2179708,3.0
1738778284.229184,3.0
1738778284.240326,3.0
1738778284.2514856,3.0
1738778284.2626176,3.0
1738778284.2737424,3.0
1738778284.2849574,3.0
1738778284.2961822,3.0
1738778284.3073895,3.0
1738778284.3185794,3.0
1738778284.3297327,3.0
1738778284.3408737,3.0
1738778284.3520372,3.0
1738778284.3633535,3.0
1738778284.3745623,3.0
1738778284.3856776,3.0
1738778284.3968582,3.0
1738778284.4080052,3.0
1738778284.4192128,3.0
1738778284.4303842,3.0
1738778284.4418962,3.0
1738778284.452155,2.0
1738778284.4632473,3.0
1738778284.474414,3.0
1738778284.4857426,3.0
1738778284.497257,3.0
1738778284.5083637,3.0
1738778284.519481,3.0
1738778284.533469,3.0
1738778284.5445035,3.0
1738778284.5555189,3.0
1738778284.5674,3.0
1738778284.5784383,3.0
1738778284.589439,3.0
1738778284.6005137,3.0
1738778284.6114793,3.0
1738778284.622513,3.0
1738778284.6334689,3.0
1738778284.645387,3.0
1738778284.6563165,3.0
1738778284.667316,3.0
1738778284.6783764,3.0
1738778284.6893246,3.0
1738778284.7003763,3.0
1738778284.711319,3.0
1738778284.722346,3.0
1738778284.7333262,3.0
1738778284.7442718,3.0
1738778284.7553065,3.0
1738778284.7662878,3.0
1738778284.777646,3.0
1738778284.7886477,3.0
1738778284.7996454,3.0
1738778284.8108554,3.0
1738778284.8221521,3.0
1738778284.833115,3.0
1738778284.8440893,3.0
1738778284.8551404,3.0
1738778284.8661723,3.0
1738778284.877124,3.0
1738778284.8880827,3.0
1738778284.8992968,3.0
1738778284.9103315,3.0
1738778284.9213247,3.0
1738778284.9323647,3.0
1738778284.943353,3.0
1738778284.954348,3.0
1738778284.9653122,3.0
1738778284.976279,3.0
1738778284.9871936,3.0
1738778284.9982345,3.0
1738778285.009201,3.0
1738778285.0203848,3.0
1738778285.0313463,3.0
1738778285.042323,3.0
1738778285.053419,3.0
1738778285.0657248,3.0
1738778285.0766969,3.0
1738778285.0876956,3.0
1738778285.0987833,3.0
1738778285.1097605,3.0
1738778285.120757,3.0
1738778285.131783,3.0
1738778285.1440742,3.0
1738778285.1550674,3.0
1738778285.1660557,3.0
1738778285.1770706,3.0
1738778285.1880772,3.0
1738778285.1991358,3.0
1738778285.2100997,3.0
1738778285.2211242,3.0
1738778285.232116,3.0
1738778285.2431319,3.0
1738778285.2540927,3.0
1738778285.2651064,3.0
1738778285.2760727,3.0
1738778285.28708,3.0
1738778285.2981012,3.0
1738778285.3090813,3.0
1738778285.3200986,3.0
1738778285.3310463,3.0
1738778285.342041,3.0
1738778285.3530018,3.0
1738778285.363965,3.0
1738778285.3749287,3.0
1738778285.385908,3.0
1738778285.3968575,3.0
1738778285.4078069,3.0
1738778285.4187944,3.0
1738778285.429779,3.0
1738778285.4410872,3.0
1738778285.453956,3.0
1738778285.4649715,3.0
1738778285.4759905,3.0
1738778285.487203,3.0
1738778285.4986324,3.0
1738778285.5098746,3.0
1738778285.5212224,3.0
1738778285.5330162,3.0
1738778285.5442054,3.0
1738778285.555394,3.0
1738778285.5672052,3.0
1738778285.578422,3.0
1738778285.5895998,3.0
1738778285.6007917,3.0
1738778285.6122396,3.0
1738778285.6234596,3.0
1738778285.634709,3.0
1738778285.6463115,3.0
1738778285.6574466,3.0
1738778285.6686528,3.0
1738778285.6798482,3.0
1738778285.691071,3.0
1738778285.702402,3.0
1738778285.7135675,3.0
1738778285.7248244,3.0
1738778285.736024,3.0
1738778285.7471972,3.0
1738778285.7584448,3.0
1738778285.7696512,3.0
1738778285.7811406,3.0
1738778285.7923295,3.0
1738778285.8035626,3.0
1738778285.8160863,3.0
1738778285.8279347,3.0
1738778285.8390882,3.0
1738778285.8503134,3.0
1738778285.86153,3.0
1738778285.8727636,3.0
1738778285.8839672,3.0
1738778285.8952334,3.0
1738778285.9065423,3.0
1738778285.917746,3.0
1738778285.9289613,3.0
1738778285.9402227,3.0
1738778285.9514143,3.0
1738778285.9626834,3.0
1738778285.9738452,3.0
1738778285.985122,3.0
1738778285.9963057,3.0
1738778286.0075452,3.0
1738778286.018747,3.0
1738778286.0299833,3.0
1738778286.0412314,3.0
1738778286.052441,3.0
1738778286.0638874,3.0
1738778286.0756166,3.0
1738778286.0867748,3.0
1738778286.0980968,3.0
1738778286.109922,3.0
1738778286.121399,3.0
1738778286.1326103,3.0
1738778286.1451714,3.0
1738778286.1563518,3.0
1738778286.167574,3.0
1738778286.1788359,3.0
1738778286.1899931,3.0
1738778286.2011998,3.0
1738778286.2125332,3.0
1738778286.223707,3.0
1738778286.2348964,3.0
1738778286.2460907,3.0
1738778286.257413,3.0
1738778286.2686133,3.0
1738778286.2797933,3.0
1738778286.2913828,3.0
1738778286.302594,3.0
1738778286.3138306,3.0
1738778286.3257017,3.0
1738778286.337282,3.0
1738778286.3484917,3.0
1738778286.3597221,3.0
1738778286.3708692,3.0
1738778286.382011,3.0
1738778286.3932147,3.0
1738778286.404441,3.0
1738778286.4156086,3.0
1738778286.426803,3.0
1738778286.4379416,3.0
1738778286.4516943,3.0
1738778286.4628294,3.0
1738778286.4742377,3.0
1738778286.4854345,3.0
1738778286.497334,3.0
1738778286.5085566,3.0
1738778286.5197742,3.0
1738778286.5323262,3.0
1738778286.543397,3.0
1738778286.5546608,3.0
1738778286.5659392,3.0
1738778286.5779912,3.0
1738778286.590217,3.0
1738778286.6015234,3.0
1738778286.6131675,3.0
1738778286.6247365,3.0
1738778286.6359131,3.0
1738778286.6479018,3.0
1738778286.6590343,3.0
1738778286.6702778,3.0
1738778286.6815186,3.0
1738778286.6927397,3.0
1738778286.7039514,3.0
1738778286.7151487,3.0
1738778286.7263653,3.0
1738778286.7378354,3.0
1738778286.7490659,3.0
1738778286.7603366,3.0
1738778286.771774,3.0
1738778286.7830284,3.0
1738778286.7942927,3.0
1738778286.8054628,3.0
1738778286.8174186,3.0
1738778286.8286037,3.0
1738778286.8398776,3.0
1738778286.851112,3.0
1738778286.8622632,3.0
1738778286.8734846,3.0
1738778286.8846319,3.0
1738778286.8958123,3.0
1738778286.9070184,3.0
1738778286.9181967,3.0
1738778286.9293804,3.0
1738778286.9405713,3.0
1738778286.951763,3.0
1738778286.962909,3.0
1738778286.9740896,3.0
1738778286.9852796,3.0
1738778286.9964721,3.0
1738778287.0076504,3.0
1738778287.0188084,3.0
1738778287.0300024,3.0
1738778287.0416067,3.0
1738778287.0528255,3.0
1738778287.0654225,3.0
1738778287.0765312,3.0
1738778287.0877604,3.0
1738778287.0990012,3.0
1738778287.1101751,3.0
1738778287.121301,3.0
1738778287.132505,3.0
1738778287.1448767,3.0
1738778287.1559906,3.0
1738778287.1672087,3.0
1738778287.1785626,3.0
1738778287.1897702,3.0
1738778287.2009475,3.0
1738778287.2122009,3.0
1738778287.2233815,3.0
1738778287.2345839,3.0
1738778287.2457936,3.0
1738778287.2570114,3.0
1738778287.2679594,3.0
1738778287.278864,3.0
1738778287.2897637,3.0
1738778287.3007214,3.0
1738778287.3116138,3.0
1738778287.3225985,3.0
1738778287.3338163,3.0
1738778287.3448443,3.0
1738778287.3557494,3.0
1738778287.3666942,3.0
1738778287.377562,3.0
1738778287.3885105,3.0
1738778287.3993676,3.0
1738778287.4102528,3.0
1738778287.421167,3.0
1738778287.4321492,3.0
1738778287.4440417,3.0
1738778287.4561439,3.0
1738778287.4670408,3.0
1738778287.47804,3.0
1738778287.4892461,3.0
1738778287.5008502,3.0
1738778287.5117698,3.0
1738778287.5226898,3.0
1738778287.5345306,3.0
1738778287.5454326,3.0
1738778287.556361,3.0
1738778287.5681365,3.0
1738778287.579049,3.0
1738778287.5899975,3.0
1738778287.6011071,3.0
1738778287.6120844,3.0
1738778287.6230257,3.0
1738778287.6339223,3.0
1738778287.6454232,3.0
1738778287.6563437,3.0
1738778287.6673203,3.0
1738778287.6783717,3.0
1738778287.689268,3.0
1738778287.7002826,3.0
1738778287.7112348,3.0
1738778287.7221732,3.0
1738778287.7330933,3.0
1738778287.7441897,3.0
1738778287.7552724,3.0
1738778287.7662833,3.0
1738778287.7777002,3.0
1738778287.7887335,3.0
1738778287.7997677,3.0
1738778287.811045,3.0
1738778287.8225954,3.0
1738778287.8336763,3.0
1738778287.8447094,3.0
1738778287.8557444,3.0
1738778287.8667812,3.0
1738778287.8778358,3.0
1738778287.8888602,3.0
1738778287.8998845,3.0
1738778287.9109302,3.0
1738778287.9219537,3.0
1738778287.9329493,3.0
1738778287.9440114,3.0
1738778287.955037,3.0
1738778287.9661117,3.0
1738778287.977116,3.0
1738778287.988152,3.0
1738778287.99921,3.0
1738778288.0102584,3.0
1738778288.021274,3.0
1738778288.032311,3.0
1738778288.0433247,3.0
1738778288.0543814,3.0
1738778288.066993,3.0
1738778288.0781672,3.0
1738778288.089193,3.0
1738778288.1002638,3.0
1738778288.111328,3.0
1738778288.1230924,3.0
1738778288.1340418,3.0
1738778288.146567,3.0
1738778288.1575732,3.0
1738778288.1686292,3.0
1738778288.1796534,3.0
1738778288.1906655,3.0
1738778288.2016726,3.0
1738778288.2127411,3.0
1738778288.2238052,3.0
1738778288.2348301,3.0
1738778288.245872,3.0
1738778288.2569249,3.0
1738778288.267924,3.0
1738778288.2789884,3.0
1738778288.2899356,3.0
1738778288.3009887,3.0
1738778288.3120153,3.0
1738778288.3230505,3.0
1738778288.334072,3.0
1738778288.3450987,3.0
1738778288.3561037,3.0
1738778288.367167,3.0
1738778288.3781414,3.0
1738778288.3891768,3.0
1738778288.400262,3.0
1738778288.4112525,3.0
1738778288.422243,3.0
1738778288.4332402,3.0
1738778288.445273,3.0
1738778288.457226,3.0
1738778288.4683025,3.0
1738778288.4794338,3.0
1738778288.4909186,3.0
1738778288.5020876,3.0
1738778288.5132928,3.0
1738778288.5243828,3.0
1738778288.5361881,3.0
1738778288.5472572,3.0
1738778288.5583296,3.0
1738778288.5701222,3.0
1738778288.5811727,3.0
1738778288.5923014,3.0
1738778288.6035924,3.0
1738778288.6145768,3.0
1738778288.6257129,3.0
1738778288.6368449,3.0
1738778288.64873,3.0
1738778288.6597211,3.0
1738778288.6707973,3.0
1738778288.681888,3.0
1738778288.6929178,3.0
1738778288.7040443,3.0
1738778288.715057,3.0
1738778288.7260869,3.0
1738778288.7370913,3.0
1738778288.7481213,3.0
1738778288.759152,3.0
1738778288.770225,3.0
1738778288.7815404,3.0
1738778288.7926142,3.0
1738778288.8036222,3.0
1738778288.8151915,3.0
1738778288.8263562,3.0
1738778288.83737,3.0
1738778288.8483999,3.0
1738778288.8594832,3.0
1738778288.870472,3.0
1738778288.8815,3.0
1738778288.8925374,3.0
1738778288.9036531,3.0
1738778288.914677,3.0
1738778288.9257069,3.0
1738778288.9367003,3.0
1738778288.9478664,3.0
1738778288.958877,3.0
1738778288.9699457,3.0
1738778288.9809735,3.0
1738778288.9920082,3.0
1738778289.0030217,3.0
1738778289.0140288,3.0
1738778289.0250459,3.0
1738778289.0361402,3.0
1738778289.047184,3.0
1738778289.0582418,3.0
1738778289.0705009,3.0
1738778289.0815473,3.0
1738778289.092598,3.0
1738778289.1037433,3.0
1738778289.1147811,3.0
1738778289.1257753,3.0
1738778289.13682,3.0
1738778289.1489885,3.0
1738778289.1603203,3.0
1738778289.1734629,3.0
1738778289.1845899,3.0
1738778289.1957126,3.0
1738778289.2067661,3.0
1738778289.2178345,3.0
1738778289.2289386,3.0
1738778289.2400432,3.0
1738778289.251129,3.0
1738778289.2621717,3.0
1738778289.2732153,3.0
1738778289.2843385,3.0
1738778289.2954664,3.0
1738778289.3065975,3.0
1738778289.3176534,3.0
1738778289.3287172,3.0
1738778289.3397806,3.0
1738778289.3509095,3.0
1738778289.361952,3.0
1738778289.373101,3.0
1738778289.3841996,3.0
1738778289.395298,3.0
1738778289.4064028,3.0
1738778289.4174807,3.0
1738778289.428644,3.0
1738778289.4398,3.0
1738778289.4501739,2.0
1738778289.4624662,3.0
1738778289.473501,3.0
1738778289.4846427,3.0
1738778289.4959161,3.0
1738778289.5075777,3.0
1738778289.5186496,3.0
1738778289.530165,3.0
1738778289.5417955,3.0
1738778289.552837,3.0
1738778289.5641959,3.0
1738778289.5755036,3.0
1738778289.5865526,3.0
1738778289.5976498,3.0
1738778289.609221,3.0
1738778289.6202958,3.0
1738778289.6313734,3.0
1738778289.6424518,3.0
1738778289.6537533,3.0
1738778289.6648464,3.0
1738778289.6760721,3.0
1738778289.690103,2.0
1738778289.701035,3.0
1738778289.712176,3.0
1738778289.7232902,3.0
1738778289.7343743,3.0
1738778289.7454412,3.0
1738778289.7565956,3.0
1738778289.7677221,3.0
1738778289.779179,3.0
1738778289.7903051,3.0
1738778289.8013635,3.0
1738778289.812924,3.0
1738778289.8247063,3.0
1738778289.8358757,3.0
1738778289.8470426,3.0
1738778289.858211,3.0
1738778289.8692951,3.0
1738778289.8803792,3.0
1738778289.891519,3.0
1738778289.9027588,3.0
1738778289.9138637,3.0
1738778289.9249668,3.0
1738778289.9359078,3.0
1738778289.946804,3.0
1738778289.9576685,3.0
1738778289.968581,3.0
1738778289.9794774,3.0
1738778289.990366,3.0
1738778290.0012531,3.0
1738778290.0122023,3.0
1738778290.0235949,3.0
1738778290.0347252,3.0
1738778290.0458014,3.0
1738778290.0569475,3.0
1738778290.0692515,3.0
1738778290.0803714,3.0
1738778290.0914848,3.0
1738778290.1026185,3.0
1738778290.1137471,3.0
1738778290.1248488,3.0
1738778290.1359482,3.0
1738778290.148454,3.0
1738778290.1596305,3.0
1738778290.1707702,3.0
1738778290.182365,3.0
1738778290.193779,3.0
1738778290.20493,3.0
1738778290.2160718,3.0
1738778290.2272353,3.0
1738778290.2383444,3.0
1738778290.2494428,3.0
1738778290.2605603,3.0
1738778290.271804,3.0
1738778290.2829163,3.0
1738778290.2940247,3.0
1738778290.305245,3.0
1738778290.3163598,3.0
1738778290.327511,3.0
1738778290.3386896,3.0
1738778290.3497748,3.0
1738778290.3609436,3.0
1738778290.3722324,3.0
1738778290.383342,3.0
1738778290.3944862,3.0
1738778290.4056134,3.0
1738778290.41676,3.0
1738778290.4279191,3.0
1738778290.4398901,3.0
1738778290.4523754,3.0
1738778290.4635732,3.0
1738778290.4747517,3.0
1738778290.485861,3.0
1738778290.4979844,3.0
1738778290.509138,3.0
1738778290.5203817,3.0
1738778290.5315406,3.0
1738778290.542975,3.0
1738778290.5540838,3.0
1738778290.5652423,3.0
1738778290.576349,3.0
1738778290.5881667,3.0
1738778290.599284,3.0
1738778290.6106503,3.0
1738778290.6220767,3.0
1738778290.6335845,3.0
1738778290.6453671,3.0
1738778290.6566095,3.0
1738778290.667809,3.0
1738778290.6790614,3.0
1738778290.6902373,3.0
1738778290.701463,3.0
1738778290.7126887,3.0
1738778290.7239573,3.0
1738778290.735106,3.0
1738778290.7463257,3.0
1738778290.7574794,3.0
1738778290.7687435,3.0
1738778290.7805216,3.0
1738778290.791668,3.0
1738778290.8028753,3.0
1738778290.8143723,3.0
1738778290.8257616,3.0
1738778290.8369439,3.0
1738778290.848141,3.0
1738778290.8594053,3.0
1738778290.8705013,3.0
1738778290.88162,3.0
1738778290.8927636,3.0
1738778290.9038742,3.0
1738778290.9151545,3.0
1738778290.926225,3.0
1738778290.9373407,3.0
1738778290.9484687,3.0
1738778290.959563,3.0
1738778290.970718,3.0
1738778290.9817755,3.0
1738778290.9929273,3.0
1738778291.004039,3.0
1738778291.0151641,3.0
1738778291.0262718,3.0
1738778291.0373762,3.0
1738778291.0485156,3.0
1738778291.0596209,3.0
1738778291.0715477,3.0
1738778291.082623,3.0
1738778291.0937257,3.0
1738778291.1048617,3.0
1738778291.1159403,3.0
1738778291.127132,3.0
1738778291.1394017,3.0
1738778291.150575,1.0
1738778291.1614218,1.0
1738778291.172301,3.0
1738778291.1833649,3.0
1738778291.1944509,3.0
1738778291.205542,3.0
1738778291.2166176,3.0
1738778291.2276928,3.0
1738778291.238745,3.0
1738778291.249831,3.0
1738778291.260901,3.0
1738778291.2720072,3.0
1738778291.2830827,3.0
1738778291.2941413,3.0
1738778291.3052695,3.0
1738778291.3164418,3.0
1738778291.3275402,3.0
1738778291.3386116,3.0
1738778291.3496594,3.0
1738778291.3607314,3.0
1738778291.3718238,3.0
1738778291.3828518,3.0
1738778291.3939748,3.0
1738778291.405036,3.0
1738778291.416111,3.0
1738778291.427198,3.0
1738778291.4383132,3.0
1738778291.4515762,3.0
1738778291.4625533,3.0
1738778291.4736137,3.0
1738778291.484671,3.0
1738778291.4967244,3.0
1738778291.5078633,3.0
1738778291.5189526,3.0
1738778291.5306635,3.0
1738778291.5416627,3.0
1738778291.5528266,3.0
1738778291.5642831,3.0
1738778291.5758538,3.0
1738778291.586893,3.0
1738778291.5979192,3.0
1738778291.6092908,3.0
1738778291.6203337,3.0
1738778291.6314578,3.0
1738778291.6433363,3.0
1738778291.6545167,3.0
1738778291.6655788,3.0
1738778291.676735,3.0
1738778291.6878273,3.0
1738778291.6989312,3.0
1738778291.7100375,3.0
1738778291.72108,3.0
1738778291.7321463,3.0
1738778291.7431862,3.0
1738778291.7542474,3.0
1738778291.7652671,3.0
1738778291.7767012,3.0
1738778291.7877183,3.0
1738778291.7987742,3.0
1738778291.8102486,3.0
1738778291.821647,3.0
1738778291.83294,3.0
1738778291.8440125,3.0
1738778291.8551044,3.0
1738778291.8661156,3.0
1738778291.8771865,3.0
1738778291.888229,3.0
1738778291.8992887,3.0
1738778291.910425,3.0
1738778291.9214482,3.0
1738778291.932561,3.0
1738778291.943549,3.0
1738778291.9545891,3.0
1738778291.9655433,3.0
1738778291.9765384,3.0
1738778291.98748,3.0
1738778291.998438,3.0
1738778292.009397,3.0
1738778292.0204356,3.0
1738778292.0315073,3.0
1738778292.0426407,3.0
1738778292.0537064,3.0
1738778292.0655043,3.0
1738778292.0769496,3.0
1738778292.088002,3.0
1738778292.0991066,3.0
1738778292.110214,3.0
1738778292.1212506,3.0
1738778292.1323488,3.0
1738778292.1448267,3.0
1738778292.156493,3.0
1738778292.1675494,3.0
1738778292.178766,3.0
1738778292.1898358,3.0
1738778292.2008865,3.0
1738778292.2119224,3.0
1738778292.2230785,3.0
1738778292.234081,3.0
1738778292.245173,3.0
1738778292.256229,3.0
1738778292.2673066,3.0
1738778292.2783535,3.0
1738778292.2894,3.0
1738778292.3004446,3.0
1738778292.3115652,3.0
1738778292.3225963,3.0
1738778292.3336399,3.0
1738778292.3446643,3.0
1738778292.355734,3.0
1738778292.3668625,3.0
1738778292.377891,3.0
1738778292.3889499,3.0
1738778292.3999846,3.0
1738778292.4110346,3.0
1738778292.4220188,3.0
1738778292.4330337,3.0
1738778292.4451585,3.0
1738778292.4578576,3.0
1738778292.46895,3.0
1738778292.4799297,3.0
1738778292.4911475,3.0
1738778292.5027945,3.0
1738778292.513757,3.0
1738778292.524773,3.0
1738778292.536623,3.0
1738778292.54753,3.0
1738778292.5585306,3.0
1738778292.5702531,3.0
1738778292.5811968,3.0
1738778292.5921595,3.0
1738778292.603258,3.0
1738778292.61424,3.0
1738778292.6251824,3.0
1738778292.636141,3.0
1738778292.6477757,3.0
1738778292.6589499,3.0
1738778292.6699069,3.0
1738778292.6808553,3.0
1738778292.6918223,3.0
1738778292.702966,3.0
1738778292.7140543,3.0
1738778292.7250931,3.0
1738778292.736182,3.0
1738778292.7473676,3.0
1738778292.75845,3.0
1738778292.7694716,3.0
1738778292.78086,3.0
1738778292.7919328,3.0
1738778292.802985,3.0
1738778292.8147445,3.0
1738778292.8257945,3.0
1738778292.8369007,3.0
1738778292.8479793,3.0
1738778292.859033,3.0
1738778292.8700907,3.0
1738778292.881169,3.0
1738778292.8922677,3.0
1738778292.9032881,3.0
1738778292.9143686,3.0
1738778292.9253874,3.0
1738778292.9364746,3.0
1738778292.9475143,3.0
1738778292.958597,3.0
1738778292.9696884,3.0
1738778292.9807684,3.0
1738778292.9917018,3.0
1738778293.0026424,3.0
1738778293.0135837,3.0
1738778293.0245428,3.0
1738778293.035514,3.0
1738778293.0465026,3.0
1738778293.0574138,3.0
1738778293.069229,3.0
1738778293.0802546,3.0
1738778293.091316,3.0
1738778293.1023984,3.0
1738778293.1139157,3.0
1738778293.124959,3.0
1738778293.136026,3.0
1738778293.1483438,3.0
1738778293.1594248,3.0
1738778293.1704938,3.0
1738778293.1821508,3.0
1738778293.1931875,3.0
1738778293.2042599,3.0
1738778293.21535,3.0
1738778293.226377,3.0
1738778293.2373853,3.0
1738778293.2484396,3.0
1738778293.259521,3.0
1738778293.270637,3.0
1738778293.281666,3.0
1738778293.2927303,3.0
1738778293.3037612,3.0
1738778293.3148937,3.0
1738778293.3259323,3.0
1738778293.3370614,3.0
1738778293.3480828,3.0
1738778293.3589368,1.0
1738778293.370381,1.0
1738778293.3811119,3.0
1738778293.3920696,3.0
1738778293.4030201,3.0
1738778293.4140127,3.0
1738778293.4250093,3.0
1738778293.4360244,3.0
1738778293.449037,3.0
1738778293.460186,3.0
1738778293.4714856,3.0
1738778293.4824886,3.0
1738778293.494413,3.0
1738778293.505315,3.0
1738778293.5162885,3.0
1738778293.5272617,3.0
1738778293.538788,3.0
1738778293.5497649,3.0
1738778293.5607207,3.0
1738778293.5721262,3.0
1738778293.5830743,3.0
1738778293.5940578,3.0
1738778293.6056952,3.0
1738778293.616691,3.0
1738778293.62762,3.0
1738778293.638576,3.0
1738778293.6499279,3.0
1738778293.660863,3.0
1738778293.671977,3.0
1738778293.6829386,3.0
1738778293.693878,3.0
1738778293.7048137,3.0
1738778293.715866,3.0
1738778293.7269006,3.0
1738778293.7378504,3.0
1738778293.748786,3.0
1738778293.759719,3.0
1738778293.7706983,3.0
1738778293.7818341,3.0
1738778293.7927983,3.0
1738778293.803762,3.0
1738778293.8150625,3.0
1738778293.825976,3.0
1738778293.8369687,3.0
1738778293.8479288,3.0
1738778293.8590224,3.0
1738778293.8700569,3.0
1738778293.8811636,3.0
1738778293.892275,3.0
1738778293.9033146,3.0
1738778293.9144223,3.0
1738778293.9254336,3.0
1738778293.9365687,3.0
1738778293.947506,3.0
1738778293.9584775,3.0
1738778293.9694226,3.0
1738778293.980739,3.0
1738778293.9917107,3.0
1738778294.0026913,3.0
1738778294.0141132,3.0
1738778294.0250814,3.0
1738778294.036022,3.0
1738778294.0475934,3.0
1738778294.0589957,3.0
1738778294.0699356,3.0
1738778294.0809302,3.0
1738778294.0919142,3.0
1738778294.1029186,3.0
1738778294.1139002,3.0
1738778294.1249287,3.0
1738778294.1358473,3.0
1738778294.1479337,3.0
1738778294.158897,3.0
1738778294.1698642,3.0
1738778294.1815245,3.0
1738778294.1961865,3.0
1738778294.207093,3.0
1738778294.2180817,3.0
1738778294.2290173,3.0
1738778294.2400565,3.0
1738778294.2509744,3.0
1738778294.2618551,3.0
1738778294.27282,3.0
1738778294.2837634,3.0
1738778294.2946894,3.0
1738778294.3075104,3.0
1738778294.3184893,3.0
1738778294.32945,3.0
1738778294.340414,3.0
1738778294.3513384,3.0
1738778294.3622992,3.0
1738778294.373226,3.0
1738778294.3842309,3.0
1738778294.3951507,3.0
1738778294.4060555,3.0
1738778294.4169931,3.0
1738778294.4280345,3.0
1738778294.4389718,3.0
1738778294.451708,3.0
1738778294.4626758,3.0
1738778294.4736116,3.0
1738778294.4845836,3.0
1738778294.4965246,3.0
1738778294.5074885,3.0
1738778294.5184839,3.0
1738778294.529645,3.0
1738778294.5410244,3.0
1738778294.55196,3.0
1738778294.5629356,3.0
1738778294.5745494,3.0
1738778294.5854692,3.0
1738778294.5964637,3.0
1738778294.607503,3.0
1738778294.618452,3.0
1738778294.629501,3.0
1738778294.6404538,3.0
1738778294.6519027,3.0
1738778294.663024,3.0
1738778294.674154,3.0
1738778294.6851249,3.0
1738778294.6962337,3.0
1738778294.7071743,3.0
1738778294.7181954,3.0
1738778294.7291548,3.0
1738778294.7401183,3.0
1738778294.7511308,3.0
1738778294.7620814,3.0
1738778294.773868,3.0
1738778294.7848203,3.0
1738778294.7958171,3.0
1738778294.8068318,3.0
1738778294.817973,3.0
1738778294.8292508,3.0
1738778294.8402362,3.0
1738778294.8512502,3.0
1738778294.8623111,3.0
1738778294.873245,3.0
1738778294.884246,3.0
1738778294.8951883,3.0
1738778294.9061403,3.0
1738778294.9171288,3.0
1738778294.928138,3.0
1738778294.9391718,3.0
1738778294.9502015,3.0
1738778294.9612334,3.0
1738778294.9723153,3.0
1738778294.9833758,3.0
1738778294.9944093,3.0
1738778295.0054207,3.0
1738778295.016521,3.0
1738778295.0274708,3.0
1738778295.038481,3.0
1738778295.049434,3.0
1738778295.0609515,3.0
1738778295.072503,3.0
1738778295.0834274,3.0
1738778295.0943632,3.0
1738778295.1053028,3.0
1738778295.1162748,3.0
1738778295.1272163,3.0
1738778295.1398945,3.0
1738778295.1507614,3.0
1738778295.1617162,3.0
1738778295.1727147,3.0
1738778295.1836538,3.0
1738778295.1946185,3.0
1738778295.2055666,3.0
1738778295.2165093,3.0
1738778295.2274978,3.0
1738778295.2384527,3.0
1738778295.2494102,3.0
1738778295.260405,3.0
1738778295.271354,3.0
1738778295.2822936,3.0
1738778295.293219,3.0
1738778295.3042586,3.0
1738778295.315282,3.0
1738778295.3262212,3.0
1738778295.3371406,3.0
1738778295.3480866,3.0
1738778295.3590631,3.0
1738778295.3701015,3.0
1738778295.381064,3.0
1738778295.3920507,3.0
1738778295.403066,3.0
1738778295.4140077,3.0
1738778295.4249806,3.0
1738778295.4359624,3.0
1738778295.4498696,3.0
1738778295.4628325,3.0
1738778295.4739563,3.0
1738778295.4849358,3.0
1738778295.4966333,3.0
1738778295.5076008,3.0
1738778295.5185893,3.0
1738778295.5302794,3.0
1738778295.5411906,3.0
1738778295.552202,3.0
1738778295.5631647,3.0
1738778295.5747845,3.0
1738778295.5857236,3.0
1738778295.596663,3.0
1738778295.6077533,3.0
1738778295.6187298,3.0
1738778295.6297257,3.0
1738778295.640732,3.0
1738778295.652125,3.0
1738778295.6631026,3.0
1738778295.6740584,3.0
1738778295.6849651,3.0
1738778295.6959724,3.0
1738778295.706863,3.0
1738778295.7178998,3.0
1738778295.7288585,3.0
1738778295.7398195,3.0
1738778295.7507715,3.0
1738778295.761716,3.0
1738778295.7729218,3.0
1738778295.7838461,3.0
1738778295.7947967,3.0
1738778295.8057382,3.0
1738778295.817442,3.0
1738778295.8283913,3.0
1738778295.8393426,3.0
1738778295.8502772,3.0
1738778295.861252,3.0
1738778295.8722186,3.0
1738778295.8831635,3.0
1738778295.894107,3.0
1738778295.9051857,3.0
1738778295.916269,3.0
1738778295.927214,3.0
1738778295.9382265,3.0
1738778295.949166,3.0
1738778295.9601207,3.0
1738778295.971095,3.0
1738778295.9820344,3.0
1738778295.992968,3.0
1738778296.0039296,3.0
1738778296.0149605,3.0
1738778296.02601,3.0
1738778296.037083,3.0
1738778296.048114,3.0
1738778296.0591905,3.0
1738778296.070736,3.0
1738778296.081812,3.0
1738778296.092926,3.0
1738778296.1038709,3.0
1738778296.114833,3.0
1738778296.1259208,3.0
1738778296.1381862,3.0
1738778296.1496675,3.0
1738778296.160648,3.0
1738778296.1716278,3.0
1738778296.1826413,3.0
1738778296.1943004,3.0
1738778296.2051902,3.0
1738778296.216123,3.0
1738778296.2270646,3.0
1738778296.2379076,3.0
1738778296.248815,3.0
1738778296.259698,3.0
1738778296.2706168,3.0
1738778296.2815728,3.0
1738778296.29256,3.0
1738778296.303485,3.0
1738778296.314429,3.0
1738778296.3253486,3.0
1738778296.336308,3.0
1738778296.347261,3.0
1738778296.3581748,3.0
1738778296.3690963,3.0
1738778296.3800633,3.0
1738778296.3910015,3.0
1738778296.4018946,3.0
1738778296.4128623,3.0
1738778296.4238083,3.0
1738778296.4347723,3.0
1738778296.4450688,2.0
1738778296.4565427,3.0
1738778296.4675415,3.0
1738778296.4785094,3.0
1738778296.4905508,3.0
1738778296.5014796,3.0
1738778296.512478,3.0
1738778296.5238094,3.0
1738778296.5354197,3.0
1738778296.546476,3.0
1738778296.5573974,3.0
1738778296.569469,3.0
1738778296.5804148,3.0
1738778296.5913677,3.0
1738778296.6025994,3.0
1738778296.6134906,3.0
1738778296.62446,3.0
1738778296.6354482,3.0
1738778296.646923,3.0
1738778296.650684,1.0
