time,value
1746083941.6444001,3.0
1746083941.6552463,3.0
1746083941.6659722,3.0
1746083941.6766868,3.0
1746083941.6873448,3.0
1746083941.6979778,3.0
1746083941.7086,3.0
1746083941.7192402,3.0
1746083941.7298627,3.0
1746083941.7404435,3.0
1746083941.7510576,3.0
1746083941.761639,3.0
1746083941.7722142,3.0
1746083941.7827702,3.0
1746083941.7934654,3.0
1746083941.804033,3.0
1746083941.8146074,3.0
1746083941.8251638,3.0
1746083941.8357317,3.0
1746083941.8462954,3.0
1746083941.85685,3.0
1746083941.8674319,3.0
1746083941.8779688,3.0
1746083941.8885245,3.0
1746083941.8990743,3.0
1746083941.9096162,3.0
1746083941.9208176,3.0
1746083941.9314141,3.0
1746083941.9419706,3.0
1746083941.9526718,3.0
1746083941.9631224,3.0
1746083941.9748404,3.0
1746083941.9863305,3.0
1746083941.9968731,3.0
1746083942.0076742,3.0
1746083942.0186074,3.0
1746083942.0313792,2.0
1746083942.0518801,2.0
1746083942.0662413,1.0
1746083942.0763118,1.0
1746083942.0887148,2.0
1746083942.1005144,3.0
1746083942.1126573,3.0
1746083942.1248784,3.0
1746083942.136985,3.0
1746083942.149098,3.0
1746083942.1595721,2.0
1746083942.1715193,3.0
1746083942.1835723,3.0
1746083942.1957502,3.0
1746083942.2078311,3.0
1746083942.2199247,3.0
1746083942.2320633,3.0
1746083942.2442422,3.0
1746083942.2563198,3.0
1746083942.2683618,3.0
1746083942.2803628,3.0
1746083942.292428,3.0
1746083942.3044584,3.0
1746083942.316495,3.0
1746083942.3285697,3.0
1746083942.3406098,3.0
1746083942.3526337,3.0
1746083942.3646398,3.0
1746083942.3766272,3.0
1746083942.3886008,3.0
1746083942.400554,3.0
1746083942.4124954,3.0
1746083942.4243784,3.0
1746083942.4363246,3.0
1746083942.448323,3.0
1746083942.4601998,3.0
1746083942.4721324,3.0
1746083942.4840736,3.0
1746083942.4960363,3.0
1746083942.5079904,3.0
1746083942.5199556,3.0
1746083942.5320094,3.0
1746083942.5439963,3.0
1746083942.5561702,3.0
1746083942.5681827,3.0
1746083942.5801873,3.0
1746083942.5923831,3.0
1746083942.6026552,2.0
1746083942.618275,2.0
1746083942.6313584,1.0
1746083942.6431093,3.0
1746083942.6550875,3.0
1746083942.667119,3.0
1746083942.6792092,3.0
1746083942.6912534,3.0
1746083942.7033155,3.0
1746083942.7153518,3.0
1746083942.7274275,3.0
1746083942.7394912,3.0
1746083942.751547,3.0
1746083942.763615,3.0
1746083942.7756705,3.0
1746083942.7877173,3.0
1746083942.7998307,3.0
1746083942.811898,3.0
1746083942.823961,3.0
1746083942.835992,3.0
1746083942.8480365,3.0
1746083942.8601127,3.0
1746083942.8721585,3.0
1746083942.884205,3.0
1746083942.8962598,3.0
1746083942.9082868,3.0
1746083942.9202967,3.0
1746083942.9323695,3.0
1746083942.9444273,3.0
1746083942.9568968,3.0
1746083942.96888,3.0
1746083942.9834294,3.0
1746083943.0003595,2.0
1746083943.0106292,2.0
1746083943.0232844,3.0
1746083943.035109,3.0
1746083943.046902,3.0
1746083943.058704,3.0
1746083943.0709805,3.0
1746083943.0828514,3.0
1746083943.0946963,3.0
1746083943.1065333,3.0
1746083943.1184473,3.0
1746083943.1303735,3.0
1746083943.1421676,3.0
1746083943.1540234,3.0
1746083943.165779,3.0
1746083943.1777067,3.0
1746083943.1896167,3.0
1746083943.202061,3.0
1746083943.2139254,3.0
1746083943.2258801,3.0
1746083943.2377498,3.0
1746083943.2496696,3.0
1746083943.2615972,3.0
1746083943.2734578,3.0
1746083943.2853227,3.0
1746083943.2972558,3.0
1746083943.3091457,3.0
1746083943.3210342,3.0
1746083943.3329308,3.0
1746083943.3448076,3.0
1746083943.3567312,3.0
1746083943.3686023,3.0
1746083943.3810427,3.0
1746083943.39292,3.0
1746083943.4048204,3.0
1746083943.4167488,3.0
1746083943.428593,3.0
1746083943.4404757,3.0
1746083943.4523335,3.0
1746083943.464276,3.0
1746083943.4761255,3.0
1746083943.4880505,3.0
1746083943.4999282,3.0
1746083943.5118246,3.0
1746083943.5236945,3.0
1746083943.5356848,3.0
1746083943.5475378,3.0
1746083943.5596063,3.0
1746083943.5714962,3.0
1746083943.5833704,3.0
1746083943.5953193,3.0
1746083943.6087532,3.0
1746083943.6210492,1.0
1746083943.635921,1.0
1746083943.6474237,3.0
1746083943.6592386,3.0
1746083943.6710908,3.0
1746083943.6829708,3.0
1746083943.6948345,3.0
1746083943.7074332,3.0
1746083943.7192044,3.0
1746083943.731028,3.0
1746083943.7430365,3.0
1746083943.754899,3.0
1746083943.766804,3.0
1746083943.7787483,3.0
1746083943.7906995,3.0
1746083943.8026567,3.0
1746083943.8145003,3.0
1746083943.8264098,3.0
1746083943.8383343,3.0
1746083943.8502495,3.0
1746083943.8621025,3.0
1746083943.8740203,3.0
1746083943.8859339,3.0
1746083943.8978457,3.0
1746083943.909769,3.0
1746083943.9216685,3.0
1746083943.9335353,3.0
1746083943.9454784,3.0
1746083943.957644,3.0
1746083943.969573,3.0
1746083943.9837914,3.0
1746083943.9956076,3.0
1746083944.0074663,3.0
1746083944.0193849,3.0
1746083944.0321448,3.0
1746083944.0440152,3.0
1746083944.0558765,3.0
1746083944.0682416,3.0
1746083944.0800855,3.0
1746083944.092012,3.0
1746083944.1040037,3.0
1746083944.1158755,3.0
1746083944.127791,3.0
1746083944.139706,3.0
1746083944.1516433,3.0
1746083944.1635556,3.0
1746083944.1754432,3.0
1746083944.1873295,3.0
1746083944.1993024,3.0
1746083944.2112029,3.0
1746083944.2230628,3.0
1746083944.2349467,3.0
1746083944.247058,3.0
1746083944.2589297,3.0
1746083944.270795,3.0
1746083944.2826793,3.0
1746083944.2946289,3.0
1746083944.3064933,3.0
1746083944.318363,3.0
1746083944.3302126,3.0
1746083944.3422427,3.0
1746083944.3541317,3.0
1746083944.3660016,3.0
1746083944.3779123,3.0
1746083944.3897903,3.0
1746083944.4016492,3.0
1746083944.4135604,3.0
1746083944.425425,3.0
1746083944.4373868,3.0
1746083944.4492824,3.0
1746083944.4612083,3.0
1746083944.4730933,3.0
1746083944.484994,3.0
1746083944.496896,3.0
1746083944.5087442,3.0
1746083944.5206826,3.0
1746083944.532512,3.0
1746083944.544414,3.0
1746083944.5565042,3.0
1746083944.568433,3.0
1746083944.5803378,3.0
1746083944.5922377,3.0
1746083944.6054475,3.0
1746083944.6155581,2.0
1746083944.6281524,3.0
1746083944.639968,3.0
1746083944.651789,3.0
1746083944.6635792,3.0
1746083944.6753922,3.0
1746083944.6871743,3.0
1746083944.6989558,3.0
1746083944.7107751,3.0
1746083944.7226431,3.0
1746083944.7344913,3.0
1746083944.7463667,3.0
1746083944.7582088,3.0
1746083944.770094,3.0
1746083944.7818646,3.0
1746083944.7937107,3.0
1746083944.80553,3.0
1746083944.8173363,3.0
1746083944.8291793,3.0
1746083944.8409793,3.0
1746083944.8527963,3.0
1746083944.8645928,3.0
1746083944.8764024,3.0
1746083944.888221,3.0
1746083944.8999834,3.0
1746083944.9118247,3.0
1746083944.9236076,3.0
1746083944.9353955,3.0
1746083944.9472342,3.0
1746083944.9591181,3.0
1746083944.9709468,3.0
1746083944.9846983,3.0
1746083944.9964464,3.0
1746083945.008273,3.0
1746083945.0201027,3.0
1746083945.03257,3.0
1746083945.0443833,3.0
1746083945.0562384,3.0
1746083945.0686045,3.0
1746083945.0803573,3.0
1746083945.0922208,3.0
1746083945.1041021,3.0
1746083945.1159163,3.0
1746083945.1277943,3.0
1746083945.1395822,3.0
1746083945.151408,3.0
1746083945.163201,3.0
1746083945.17497,3.0
1746083945.1868072,3.0
1746083945.198649,3.0
1746083945.2110002,3.0
1746083945.2227347,3.0
1746083945.2345304,3.0
1746083945.2464123,3.0
1746083945.2582166,3.0
1746083945.270071,3.0
1746083945.281868,3.0
1746083945.2937312,3.0
1746083945.3055854,3.0
1746083945.3174188,3.0
1746083945.3292246,3.0
1746083945.3410947,3.0
1746083945.3529084,3.0
1746083945.3647456,3.0
1746083945.3765817,3.0
1746083945.3883586,3.0
1746083945.4002151,3.0
1746083945.4120133,3.0
1746083945.4238489,3.0
1746083945.4356358,3.0
1746083945.4474878,3.0
1746083945.4592938,3.0
1746083945.4710574,3.0
1746083945.4828668,3.0
1746083945.4946692,3.0
1746083945.5065112,3.0
1746083945.5183597,3.0
1746083945.5301752,3.0
1746083945.541974,3.0
1746083945.5540142,3.0
1746083945.5657828,3.0
1746083945.577557,3.0
1746083945.5893505,3.0
1746083945.6026614,3.0
1746083945.6146889,3.0
1746083945.6265163,3.0
1746083945.6383147,3.0
1746083945.6502159,3.0
1746083945.6634593,3.0
1746083945.6752012,3.0
1746083945.6869776,3.0
1746083945.6987581,3.0
1746083945.710575,3.0
1746083945.7223814,3.0
1746083945.7342813,3.0
1746083945.746152,3.0
1746083945.758003,3.0
1746083945.7698011,3.0
1746083945.7816842,3.0
1746083945.7934496,3.0
1746083945.8052948,3.0
1746083945.8171198,3.0
1746083945.8289118,3.0
1746083945.8407342,3.0
1746083945.852516,3.0
1746083945.8643517,3.0
1746083945.8761818,3.0
1746083945.8879747,3.0
1746083945.8997421,3.0
1746083945.9115849,3.0
1746083945.9234262,3.0
1746083945.93521,3.0
1746083945.947044,3.0
1746083945.9589117,3.0
1746083945.9706926,3.0
1746083945.9808216,2.0
1746083945.992531,3.0
1746083946.004311,3.0
1746083946.016072,3.0
1746083946.0287547,3.0
1746083946.040579,3.0
1746083946.0523863,3.0
1746083946.0648432,3.0
1746083946.0765755,3.0
1746083946.0883563,3.0
1746083946.1002302,3.0
1746083946.1123393,3.0
1746083946.1241238,3.0
1746083946.1359303,3.0
1746083946.1477559,3.0
1746083946.159579,3.0
1746083946.17133,3.0
1746083946.1831067,3.0
1746083946.19496,3.0
1746083946.2068481,3.0
1746083946.2186625,3.0
1746083946.230499,3.0
1746083946.242435,3.0
1746083946.2542229,3.0
1746083946.2660778,3.0
1746083946.2778482,3.0
1746083946.2896693,3.0
1746083946.3015237,3.0
1746083946.3133342,3.0
1746083946.3251672,3.0
1746083946.3369591,3.0
1746083946.3488374,3.0
1746083946.3606474,3.0
1746083946.3724267,3.0
1746083946.384261,3.0
1746083946.39615,3.0
1746083946.407933,3.0
1746083946.419698,3.0
1746083946.431486,3.0
1746083946.4433372,3.0
1746083946.455115,3.0
1746083946.466945,3.0
1746083946.4787354,3.0
1746083946.4905102,3.0
1746083946.5023158,3.0
1746083946.5141497,3.0
1746083946.5259454,3.0
1746083946.5377657,3.0
1746083946.5495243,3.0
1746083946.5615544,3.0
1746083946.573315,3.0
1746083946.5851333,3.0
1746083946.5983257,3.0
1746083946.6100924,3.0
1746083946.6221294,3.0
1746083946.6338618,3.0
1746083946.6455896,3.0
1746083946.6573477,3.0
1746083946.6690865,3.0
1746083946.6808827,3.0
1746083946.6926227,3.0
1746083946.7043705,3.0
1746083946.7161129,3.0
1746083946.7278397,3.0
1746083946.7395654,3.0
1746083946.7513745,3.0
1746083946.7630513,3.0
1746083946.7748415,3.0
1746083946.7866385,3.0
1746083946.798325,3.0
1746083946.8101165,3.0
1746083946.821849,3.0
1746083946.8337023,3.0
1746083946.8455276,3.0
1746083946.857353,3.0
1746083946.8690863,3.0
1746083946.8809116,3.0
1746083946.8927085,3.0
1746083946.9045048,3.0
1746083946.9163065,3.0
1746083946.9281023,3.0
1746083946.939879,3.0
1746083946.951687,3.0
1746083946.9635882,3.0
1746083946.9767222,3.0
1746083946.9891474,3.0
1746083947.000893,3.0
1746083947.012669,3.0
1746083947.0255325,3.0
1746083947.0378878,3.0
1746083947.0495822,3.0
1746083947.0613883,3.0
1746083947.0734544,3.0
1746083947.0851948,3.0
1746083947.097242,3.0
1746083947.1092517,2.0
1746083947.1209514,3.0
1746083947.132711,3.0
1746083947.144508,3.0
1746083947.1562448,3.0
1746083947.1679769,3.0
1746083947.1797605,3.0
1746083947.191493,3.0
1746083947.2033474,3.0
1746083947.215129,3.0
1746083947.2273762,3.0
1746083947.239064,3.0
1746083947.2508662,3.0
1746083947.262702,3.0
1746083947.274446,3.0
1746083947.286266,3.0
1746083947.2980418,3.0
1746083947.3099883,3.0
1746083947.3217974,3.0
1746083947.3336046,3.0
1746083947.3454216,3.0
1746083947.3571796,3.0
1746083947.3689396,3.0
1746083947.3807645,3.0
1746083947.3925588,3.0
1746083947.4044032,3.0
1746083947.4161897,3.0
1746083947.427976,3.0
1746083947.4397938,3.0
1746083947.451543,3.0
1746083947.4633062,3.0
1746083947.4750335,3.0
1746083947.4869046,3.0
1746083947.4987118,3.0
1746083947.5104723,3.0
1746083947.522293,3.0
1746083947.5341,3.0
1746083947.5458949,3.0
1746083947.5578935,3.0
1746083947.569626,3.0
1746083947.5814295,3.0
1746083947.5932891,3.0
1746083947.6064649,3.0
1746083947.6187901,3.0
1746083947.6305356,3.0
1746083947.6422672,3.0
1746083947.6540685,3.0
1746083947.6658432,3.0
1746083947.6776447,3.0
1746083947.6894352,3.0
1746083947.7011416,3.0
1746083947.7130215,3.0
1746083947.7247696,3.0
1746083947.7365253,3.0
1746083947.7483516,3.0
1746083947.7600896,3.0
1746083947.7718623,3.0
1746083947.783612,3.0
1746083947.795386,3.0
1746083947.8071537,3.0
1746083947.8189354,3.0
1746083947.8307545,3.0
1746083947.8425336,3.0
1746083947.8542485,3.0
1746083947.86603,3.0
1746083947.8778152,3.0
1746083947.8896062,3.0
1746083947.9013925,3.0
1746083947.9132383,3.0
1746083947.924998,3.0
1746083947.936807,3.0
1746083947.94859,3.0
1746083947.9605985,3.0
1746083947.9729815,3.0
1746083947.9858654,3.0
1746083947.997572,3.0
1746083948.0093977,3.0
1746083948.021197,3.0
1746083948.0339541,3.0
1746083948.0456977,3.0
1746083948.057503,3.0
1746083948.069537,3.0
1746083948.0813382,3.0
1746083948.0931084,3.0
1746083948.1049511,3.0
1746083948.1167696,3.0
1746083948.1285384,3.0
1746083948.140321,3.0
1746083948.1521406,3.0
1746083948.1639366,3.0
1746083948.1757357,3.0
1746083948.187524,3.0
1746083948.19955,3.0
1746083948.2113836,3.0
1746083948.223179,3.0
1746083948.2349367,3.0
1746083948.2471166,3.0
1746083948.258945,3.0
1746083948.270679,3.0
1746083948.282418,3.0
1746083948.2941878,3.0
1746083948.3060007,3.0
1746083948.3177965,3.0
1746083948.3295395,3.0
1746083948.3413343,3.0
1746083948.3530679,3.0
1746083948.364844,3.0
1746083948.3766491,3.0
1746083948.388427,3.0
1746083948.4001956,3.0
1746083948.4119892,3.0
1746083948.423799,3.0
1746083948.4355998,3.0
1746083948.4473758,3.0
1746083948.4591057,3.0
1746083948.4708774,3.0
1746083948.482597,3.0
1746083948.4943862,3.0
1746083948.5061815,3.0
1746083948.518014,3.0
1746083948.529834,3.0
1746083948.541654,3.0
1746083948.5534077,3.0
1746083948.5653317,3.0
1746083948.5771353,3.0
1746083948.5889723,3.0
1746083948.6021347,3.0
1746083948.6218114,3.0
1746083948.6357746,1.0
1746083948.64722,3.0
1746083948.6588657,3.0
1746083948.670617,3.0
1746083948.6823874,3.0
1746083948.6941605,3.0
1746083948.7060041,3.0
1746083948.7178435,3.0
1746083948.7296484,3.0
1746083948.7414315,3.0
1746083948.7532816,3.0
1746083948.7650855,3.0
1746083948.7768304,3.0
1746083948.7886057,3.0
1746083948.8003833,3.0
1746083948.8123,3.0
1746083948.8248198,3.0
1746083948.8364813,3.0
1746083948.848246,3.0
1746083948.8600216,3.0
1746083948.8718624,3.0
1746083948.8836105,3.0
1746083948.8953977,3.0
1746083948.907233,3.0
1746083948.9190118,3.0
1746083948.930757,3.0
1746083948.942573,3.0
1746083948.9545572,3.0
1746083948.9663925,3.0
1746083948.9800172,3.0
1746083948.9919236,3.0
1746083949.0036936,3.0
1746083949.0154834,3.0
1746083949.0283787,3.0
1746083949.0401568,3.0
1746083949.051924,3.0
1746083949.0638537,3.0
1746083949.0756874,3.0
1746083949.087484,3.0
1746083949.0992923,3.0
1746083949.1111536,3.0
1746083949.1229916,3.0
1746083949.1347413,3.0
1746083949.1465893,3.0
1746083949.1584144,3.0
1746083949.170239,3.0
1746083949.1820204,3.0
1746083949.1938324,3.0
1746083949.2056973,3.0
1746083949.2174695,3.0
1746083949.2293081,3.0
1746083949.2416663,3.0
1746083949.2533967,3.0
1746083949.2652085,3.0
1746083949.2770545,3.0
1746083949.2888172,3.0
1746083949.3006287,3.0
1746083949.3124533,3.0
1746083949.3241901,3.0
1746083949.3360245,3.0
1746083949.3478472,3.0
1746083949.3596134,3.0
1746083949.3714163,3.0
1746083949.3831863,3.0
1746083949.3949463,3.0
1746083949.406762,3.0
1746083949.4185348,3.0
1746083949.4303224,3.0
1746083949.4420862,3.0
1746083949.453818,3.0
1746083949.4656422,3.0
1746083949.477437,3.0
1746083949.489232,3.0
1746083949.5010188,3.0
1746083949.512859,3.0
1746083949.5246239,3.0
1746083949.5364277,3.0
1746083949.5482004,3.0
1746083949.5603855,3.0
1746083949.5721817,3.0
1746083949.5839288,3.0
1746083949.595717,3.0
1746083949.6089602,3.0
1746083949.6207008,3.0
1746083949.6325712,3.0
1746083949.6443326,3.0
1746083949.6561244,3.0
1746083949.6678889,3.0
1746083949.6796293,3.0
1746083949.6914978,3.0
1746083949.7032504,3.0
1746083949.715008,3.0
1746083949.7267835,3.0
1746083949.7385535,3.0
1746083949.7503953,3.0
1746083949.762184,3.0
1746083949.773955,3.0
1746083949.7857425,3.0
1746083949.7974987,3.0
1746083949.8093538,3.0
1746083949.8211598,3.0
1746083949.8330054,3.0
1746083949.8447459,3.0
1746083949.8565595,3.0
1746083949.8684022,3.0
1746083949.880134,3.0
1746083949.8919926,3.0
1746083949.9037638,3.0
1746083949.9155912,3.0
1746083949.927381,3.0
1746083949.9391823,3.0
1746083949.9509578,3.0
1746083949.9627528,3.0
1746083949.9757016,3.0
1746083949.9885259,3.0
1746083950.0002737,3.0
1746083950.0121152,3.0
1746083950.024889,3.0
1746083950.036611,3.0
1746083950.0484061,3.0
1746083950.0604777,3.0
1746083950.0724814,3.0
1746083950.0842578,3.0
1746083950.0960147,3.0
1746083950.1078215,3.0
1746083950.1196628,3.0
1746083950.1315854,3.0
1746083950.143367,3.0
1746083950.1552262,3.0
1746083950.1670396,3.0
1746083950.1788783,3.0
1746083950.1906393,3.0
1746083950.2024398,3.0
1746083950.2142043,3.0
1746083950.2260277,3.0
1746083950.237897,3.0
1746083950.249924,3.0
1746083950.261777,3.0
1746083950.2735817,3.0
1746083950.2853513,3.0
1746083950.2971427,3.0
1746083950.3089528,3.0
1746083950.320742,3.0
1746083950.332466,3.0
1746083950.3442767,3.0
1746083950.3560927,3.0
1746083950.3679254,3.0
1746083950.3796916,3.0
1746083950.39153,3.0
1746083950.4033456,3.0
1746083950.4151857,3.0
1746083950.4269457,3.0
1746083950.4388123,3.0
1746083950.4505687,3.0
1746083950.4623585,3.0
1746083950.4741821,3.0
1746083950.4859886,3.0
1746083950.4977572,3.0
1746083950.5095494,3.0
1746083950.52136,3.0
1746083950.5331903,3.0
1746083950.5450373,3.0
1746083950.557036,3.0
1746083950.5687885,3.0
1746083950.5805855,3.0
1746083950.5923867,3.0
1746083950.605527,3.0
1746083950.6172903,3.0
1746083950.6295605,1.0
1746083950.644447,1.0
1746083950.6558833,3.0
1746083950.6676273,3.0
1746083950.679466,3.0
1746083950.6912835,3.0
1746083950.703118,3.0
1746083950.7149782,3.0
1746083950.7269127,3.0
1746083950.738881,3.0
1746083950.7508087,3.0
1746083950.7627404,3.0
1746083950.7745874,3.0
1746083950.7864609,3.0
1746083950.7983673,3.0
1746083950.8102744,3.0
1746083950.822221,3.0
1746083950.8340476,3.0
1746083950.8458726,3.0
1746083950.8581114,3.0
1746083950.8699322,3.0
1746083950.8817523,3.0
1746083950.893677,3.0
1746083950.905517,3.0
1746083950.9173813,3.0
1746083950.9292173,3.0
1746083950.9411557,3.0
1746083950.9533992,3.0
1746083950.9651237,3.0
1746083950.977932,3.0
1746083950.9904423,3.0
1746083951.0023143,3.0
1746083951.0142617,3.0
1746083951.027152,3.0
1746083951.038997,3.0
1746083951.0508769,3.0
1746083951.0629957,3.0
1746083951.0749986,3.0
1746083951.086959,3.0
1746083951.0988445,3.0
1746083951.1107695,3.0
1746083951.1226602,3.0
1746083951.1354408,3.0
1746083951.147239,3.0
1746083951.1591568,3.0
1746083951.1710558,3.0
1746083951.1829503,3.0
1746083951.194799,3.0
1746083951.206704,3.0
1746083951.218641,3.0
1746083951.230513,3.0
1746083951.2424078,3.0
1746083951.254345,3.0
1746083951.2664595,3.0
1746083951.2783656,3.0
1746083951.2902133,3.0
1746083951.302103,3.0
1746083951.3139331,3.0
1746083951.3257797,3.0
1746083951.3376565,3.0
1746083951.3496053,3.0
1746083951.3614943,3.0
1746083951.3733976,3.0
1746083951.3852777,3.0
1746083951.397122,3.0
1746083951.4090548,3.0
1746083951.4209414,3.0
1746083951.4327855,3.0
1746083951.444725,3.0
1746083951.45666,3.0
1746083951.4685316,3.0
1746083951.4804168,3.0
1746083951.4922726,3.0
1746083951.504196,3.0
1746083951.5160885,3.0
1746083951.5282114,3.0
1746083951.540144,3.0
1746083951.5520759,3.0
1746083951.5643282,3.0
1746083951.5762048,3.0
1746083951.5881362,3.0
1746083951.6019995,3.0
1746083951.6136563,3.0
1746083951.6255352,3.0
1746083951.6374326,3.0
1746083951.6492622,3.0
1746083951.66115,3.0
1746083951.673,3.0
1746083951.684877,3.0
1746083951.6967766,3.0
1746083951.70872,3.0
1746083951.7205617,3.0
1746083951.7324557,3.0
1746083951.744424,3.0
1746083951.7562828,3.0
1746083951.7681484,3.0
1746083951.7801106,3.0
1746083951.7919934,3.0
1746083951.8039372,3.0
1746083951.8158774,3.0
1746083951.8278174,3.0
1746083951.8397527,3.0
1746083951.851618,3.0
1746083951.8635201,3.0
1746083951.8753994,3.0
1746083951.8872755,3.0
1746083951.8991394,3.0
1746083951.9110422,3.0
1746083951.9229586,3.0
1746083951.9348764,3.0
1746083951.9467266,3.0
1746083951.9587812,3.0
1746083951.9707067,3.0
1746083951.9845831,3.0
1746083951.9963756,3.0
1746083952.0082877,3.0
1746083952.0207353,3.0
1746083952.0330758,3.0
1746083952.0449357,3.0
1746083952.0568366,3.0
1746083952.06928,3.0
1746083952.0811558,3.0
1746083952.093081,3.0
1746083952.1049554,3.0
1746083952.1170726,3.0
1746083952.1314154,3.0
1746083952.1433787,3.0
1746083952.1561904,3.0
1746083952.1680052,3.0
1746083952.179834,3.0
1746083952.1916864,3.0
1746083952.2034757,3.0
1746083952.2153435,3.0
1746083952.2270937,3.0
1746083952.2389297,3.0
1746083952.2508395,3.0
1746083952.2627177,3.0
1746083952.274538,3.0
1746083952.2864642,3.0
1746083952.2982357,3.0
1746083952.3100808,3.0
1746083952.321906,3.0
1746083952.333735,3.0
1746083952.345545,3.0
1746083952.3574102,3.0
1746083952.369292,3.0
1746083952.3810632,3.0
1746083952.3928905,3.0
1746083952.4047477,3.0
1746083952.4166906,3.0
1746083952.4285858,3.0
1746083952.4404058,3.0
1746083952.4522614,3.0
1746083952.464114,3.0
1746083952.4759326,3.0
1746083952.4877512,3.0
1746083952.4996462,3.0
1746083952.5115285,3.0
1746083952.5233479,3.0
1746083952.5352201,3.0
1746083952.547119,3.0
1746083952.5592098,3.0
1746083952.571021,3.0
1746083952.5828252,3.0
1746083952.594701,3.0
1746083952.6079805,3.0
1746083952.6198199,3.0
1746083952.6316419,3.0
1746083952.6435387,3.0
1746083952.6553485,3.0
1746083952.6672368,3.0
1746083952.6790779,3.0
1746083952.6909163,3.0
1746083952.7028363,3.0
1746083952.7146556,3.0
1746083952.72828,3.0
1746083952.740104,3.0
1746083952.7519608,3.0
1746083952.7638643,3.0
1746083952.7756562,3.0
1746083952.7876174,3.0
1746083952.7994452,3.0
1746083952.8113296,3.0
1746083952.8231397,3.0
1746083952.8350337,3.0
1746083952.8469186,3.0
1746083952.8588307,3.0
1746083952.87065,3.0
1746083952.8825245,3.0
1746083952.8943276,3.0
1746083952.9061766,3.0
1746083952.9179988,3.0
1746083952.9298882,3.0
1746083952.9417074,3.0
1746083952.953759,3.0
1746083952.965535,3.0
1746083952.979337,3.0
1746083952.997684,3.0
1746083953.0098503,3.0
1746083953.0218754,3.0
1746083953.0340307,3.0
1746083953.0458422,3.0
1746083953.0605445,3.0
1746083953.0724075,3.0
1746083953.085679,3.0
1746083953.0974307,3.0
1746083953.109269,3.0
1746083953.1210904,3.0
1746083953.1329176,3.0
1746083953.1447866,3.0
1746083953.1565945,3.0
1746083953.168556,3.0
1746083953.180396,3.0
1746083953.1929507,3.0
1746083953.2047668,3.0
1746083953.2166483,3.0
1746083953.2285893,3.0
1746083953.2403796,3.0
1746083953.2522476,3.0
1746083953.264037,3.0
1746083953.2766063,3.0
1746083953.2883577,3.0
1746083953.3001688,3.0
1746083953.311961,3.0
1746083953.3238423,3.0
1746083953.335648,3.0
1746083953.347533,3.0
1746083953.3593178,3.0
1746083953.3710926,3.0
1746083953.3829532,3.0
1746083953.3947637,3.0
1746083953.4066489,3.0
1746083953.418536,3.0
1746083953.4303844,3.0
1746083953.4422297,3.0
1746083953.4540336,3.0
1746083953.46588,3.0
1746083953.47777,3.0
1746083953.4896016,3.0
1746083953.5014591,3.0
1746083953.5132835,3.0
1746083953.5251474,3.0
1746083953.5369627,3.0
1746083953.5487945,3.0
1746083953.5609167,3.0
1746083953.5727339,3.0
1746083953.5845883,3.0
1746083953.5964296,3.0
1746083953.6095412,3.0
1746083953.6213555,3.0
1746083953.6331983,3.0
1746083953.6451366,3.0
1746083953.6570427,3.0
1746083953.6689265,3.0
1746083953.680807,3.0
1746083953.692627,3.0
1746083953.7045255,3.0
1746083953.7163348,3.0
1746083953.7282035,3.0
1746083953.7400243,3.0
1746083953.751929,3.0
1746083953.7637756,3.0
1746083953.7756803,3.0
1746083953.787484,3.0
1746083953.7993822,3.0
1746083953.811191,3.0
1746083953.8231106,3.0
1746083953.83499,3.0
1746083953.8468661,3.0
1746083953.8587813,3.0
1746083953.8707044,3.0
1746083953.8825846,3.0
1746083953.8944361,3.0
1746083953.9063258,3.0
1746083953.9183486,3.0
1746083953.9302385,3.0
1746083953.9421768,3.0
1746083953.9543755,3.0
1746083953.9662483,3.0
1746083953.9807525,3.0
1746083953.9928002,3.0
1746083954.0046818,3.0
1746083954.0165775,3.0
1746083954.0296288,3.0
1746083954.0415232,3.0
1746083954.0533826,3.0
1746083954.0655444,3.0
1746083954.0773466,3.0
1746083954.089237,3.0
1746083954.1011508,3.0
1746083954.1130757,3.0
1746083954.1250024,3.0
1746083954.1368768,3.0
1746083954.1488018,3.0
1746083954.160738,3.0
1746083954.1726735,3.0
1746083954.18457,3.0
1746083954.1964467,3.0
1746083954.2083797,3.0
1746083954.220329,3.0
1746083954.232243,3.0
1746083954.2441676,3.0
1746083954.2561305,3.0
1746083954.268053,3.0
1746083954.2799754,3.0
1746083954.2919004,3.0
1746083954.3038628,3.0
1746083954.3157816,3.0
1746083954.3276663,3.0
1746083954.3395512,3.0
1746083954.3514197,3.0
1746083954.3633287,3.0
1746083954.3752685,3.0
1746083954.3871377,3.0
1746083954.3989599,3.0
1746083954.4108913,3.0
1746083954.4227858,3.0
1746083954.434731,3.0
1746083954.4466064,3.0
1746083954.4585369,3.0
1746083954.4703894,3.0
1746083954.4823463,3.0
1746083954.494335,3.0
1746083954.506155,3.0
1746083954.5180154,3.0
1746083954.530245,3.0
1746083954.5421243,3.0
1746083954.5539267,3.0
1746083954.5659266,3.0
1746083954.5778463,3.0
1746083954.5896528,3.0
1746083954.6031473,3.0
1746083954.614893,3.0
1746083954.6267264,3.0
1746083954.6385968,3.0
1746083954.650468,3.0
1746083954.6623657,3.0
1746083954.6742277,3.0
1746083954.6864522,3.0
1746083954.6982744,3.0
1746083954.710117,3.0
1746083954.722027,3.0
1746083954.7339315,3.0
1746083954.7457888,3.0
1746083954.7576442,3.0
1746083954.7694786,3.0
1746083954.781352,3.0
1746083954.7932143,3.0
1746083954.8050356,3.0
1746083954.8169248,3.0
1746083954.8288107,3.0
1746083954.8406298,3.0
1746083954.8525429,3.0
1746083954.864374,3.0
1746083954.8762295,3.0
1746083954.888087,3.0
1746083954.899938,3.0
1746083954.911815,3.0
1746083954.9236798,3.0
1746083954.9355628,3.0
1746083954.9474516,3.0
1746083954.9593678,3.0
1746083954.9712853,3.0
1746083954.9819129,2.0
1746083954.9936616,3.0
1746083955.0054686,3.0
1746083955.0172904,3.0
1746083955.0301056,3.0
1746083955.0419285,3.0
1746083955.053761,3.0
1746083955.0660021,3.0
1746083955.07777,3.0
1746083955.0896344,3.0
1746083955.1014903,3.0
1746083955.1133785,3.0
1746083955.125221,3.0
1746083955.1371102,3.0
1746083955.1490772,3.0
1746083955.1609266,3.0
1746083955.1727514,3.0
1746083955.184584,3.0
1746083955.1964707,3.0
1746083955.208345,3.0
1746083955.220202,3.0
1746083955.2320085,3.0
1746083955.24394,3.0
1746083955.2557344,3.0
1746083955.2676094,3.0
1746083955.2794752,3.0
1746083955.2920845,3.0
1746083955.3038785,3.0
1746083955.3157265,3.0
1746083955.3276505,3.0
1746083955.3394847,3.0
1746083955.3513436,3.0
1746083955.3631804,3.0
1746083955.3750095,3.0
1746083955.3868542,3.0
1746083955.3987238,3.0
1746083955.4105315,3.0
1746083955.4224436,3.0
1746083955.434311,3.0
1746083955.446185,3.0
1746083955.4580007,3.0
1746083955.4698236,3.0
1746083955.481706,3.0
1746083955.4935799,3.0
1746083955.5054412,3.0
1746083955.517266,3.0
1746083955.5291398,3.0
1746083955.5410497,3.0
1746083955.5528765,3.0
1746083955.5649412,3.0
1746083955.5768967,3.0
1746083955.588704,3.0
1746083955.6016994,3.0
1746083955.613947,3.0
1746083955.625785,3.0
1746083955.6376834,3.0
1746083955.6495109,3.0
1746083955.6614687,3.0
1746083955.673301,3.0
1746083955.6851737,3.0
1746083955.69707,3.0
1746083955.708892,3.0
1746083955.7207167,3.0
1746083955.7325392,3.0
1746083955.744483,3.0
1746083955.7563338,3.0
1746083955.768156,3.0
1746083955.780066,3.0
1746083955.7918959,3.0
1746083955.8036847,3.0
1746083955.81554,3.0
1746083955.8273783,3.0
1746083955.8395796,3.0
1746083955.8513741,3.0
1746083955.8633175,3.0
1746083955.8751965,3.0
1746083955.8870442,3.0
1746083955.8989167,3.0
1746083955.9107456,3.0
1746083955.922598,3.0
1746083955.9346704,3.0
1746083955.9465377,3.0
1746083955.958541,3.0
1746083955.9703379,3.0
1746083955.9844472,3.0
1746083955.9961846,3.0
1746083956.0079718,3.0
1746083956.0197804,3.0
1746083956.0324757,3.0
1746083956.0442948,3.0
1746083956.0561037,3.0
1746083956.068408,3.0
1746083956.080258,3.0
1746083956.0921504,3.0
1746083956.1039498,3.0
1746083956.1157513,3.0
1746083956.1276078,3.0
1746083956.1394088,3.0
1746083956.1512425,3.0
1746083956.163076,3.0
1746083956.1750069,3.0
1746083956.1868477,3.0
1746083956.198692,3.0
1746083956.2105687,3.0
1746083956.2224803,3.0
1746083956.2343404,3.0
1746083956.246185,3.0
1746083956.2582128,3.0
1746083956.2700222,3.0
1746083956.281863,3.0
1746083956.29373,3.0
1746083956.3055885,3.0
1746083956.3173811,3.0
1746083956.3292668,3.0
1746083956.3410807,3.0
1746083956.3528717,3.0
1746083956.3647177,3.0
1746083956.3765442,3.0
1746083956.3883543,3.0
1746083956.4001887,3.0
1746083956.4120443,3.0
1746083956.4238634,3.0
1746083956.4356725,3.0
1746083956.4474437,3.0
1746083956.4593284,3.0
1746083956.4710903,3.0
1746083956.482908,3.0
1746083956.4947393,3.0
1746083956.5066037,3.0
1746083956.5184147,3.0
1746083956.5302737,3.0
1746083956.542034,3.0
1746083956.5539148,3.0
1746083956.5660331,3.0
1746083956.577903,3.0
1746083956.5897841,3.0
1746083956.6030793,3.0
1746083956.6148677,3.0
1746083956.6268353,3.0
1746083956.6387224,3.0
1746083956.650627,3.0
1746083956.6625712,3.0
1746083956.674498,3.0
1746083956.6864402,3.0
1746083956.6983266,3.0
1746083956.7103205,3.0
1746083956.7222037,3.0
1746083956.7341743,3.0
1746083956.7460778,3.0
1746083956.7579541,3.0
1746083956.7699351,3.0
1746083956.781775,3.0
1746083956.7937207,3.0
1746083956.805579,3.0
1746083956.8174808,3.0
1746083956.8294182,3.0
1746083956.841314,3.0
1746083956.8532276,3.0
1746083956.8650854,3.0
1746083956.877002,3.0
1746083956.8888743,3.0
1746083956.9007864,3.0
1746083956.9127076,3.0
1746083956.9246106,3.0
1746083956.9365351,3.0
1746083956.948464,3.0
1746083956.9605882,3.0
1746083956.9727657,3.0
1746083956.9833758,2.0
1746083956.995153,3.0
1746083957.0069964,3.0
1746083957.019464,3.0
1746083957.0313096,3.0
1746083957.0431454,3.0
1746083957.0550275,3.0
1746083957.0674088,3.0
1746083957.0792263,3.0
1746083957.0911412,3.0
1746083957.1030135,3.0
1746083957.1149106,3.0
1746083957.1268241,3.0
1746083957.1466405,3.0
1746083957.1608417,1.0
1746083957.1727414,3.0
1746083957.1845973,3.0
1746083957.1965337,3.0
1746083957.2084491,3.0
1746083957.2203543,3.0
1746083957.2323508,3.0
1746083957.2443092,3.0
1746083957.2562377,3.0
1746083957.2682097,3.0
1746083957.280797,3.0
1746083957.2926903,3.0
1746083957.305241,3.0
1746083957.3171108,3.0
1746083957.32904,3.0
1746083957.3409998,3.0
1746083957.3529403,3.0
1746083957.3648615,3.0
1746083957.3767738,3.0
1746083957.3887687,3.0
1746083957.400665,3.0
1746083957.4125805,3.0
1746083957.4245095,3.0
1746083957.4364245,3.0
1746083957.4483845,3.0
1746083957.4603107,3.0
1746083957.47222,3.0
1746083957.4842036,3.0
1746083957.496188,3.0
1746083957.5081131,3.0
1746083957.520086,3.0
1746083957.5319417,3.0
1746083957.5439048,3.0
1746083957.5558,3.0
1746083957.5679896,3.0
1746083957.5799584,3.0
1746083957.5918512,3.0
1746083957.605511,3.0
1746083957.617234,3.0
1746083957.629135,3.0
1746083957.6409376,3.0
1746083957.65274,3.0
1746083957.6646101,3.0
1746083957.6765273,3.0
1746083957.6883767,3.0
1746083957.7002306,3.0
1746083957.712106,3.0
1746083957.7239294,3.0
1746083957.7357569,3.0
1746083957.7475982,3.0
1746083957.7594168,3.0
1746083957.771215,3.0
1746083957.783107,3.0
1746083957.7949402,3.0
1746083957.8067653,3.0
1746083957.8185945,3.0
1746083957.8304832,3.0
1746083957.842344,3.0
1746083957.854164,3.0
1746083957.866004,3.0
1746083957.8778017,3.0
1746083957.8896344,3.0
1746083957.9014244,3.0
1746083957.9133372,3.0
1746083957.925129,3.0
1746083957.9369805,3.0
1746083957.948819,3.0
1746083957.960742,3.0
1746083957.9727387,3.0
1746083957.9860117,3.0
1746083957.997771,3.0
1746083958.0095391,3.0
1746083958.0218463,3.0
1746083958.0341256,3.0
1746083958.0459867,3.0
1746083958.0577981,3.0
1746083958.0700884,3.0
1746083958.0818765,3.0
1746083958.093776,3.0
1746083958.1055415,3.0
1746083958.117374,3.0
1746083958.1291728,3.0
1746083958.1410122,3.0
1746083958.1527817,3.0
1746083958.1646369,3.0
1746083958.176495,3.0
1746083958.188406,3.0
1746083958.2002506,3.0
1746083958.212085,3.0
1746083958.2239208,3.0
1746083958.235776,3.0
1746083958.2476354,3.0
1746083958.2597373,3.0
1746083958.2715821,3.0
1746083958.2834058,3.0
1746083958.2952228,3.0
1746083958.3070576,3.0
1746083958.318843,3.0
1746083958.3307118,3.0
1746083958.342552,3.0
1746083958.3543906,3.0
1746083958.366214,3.0
1746083958.3780577,3.0
1746083958.3898962,3.0
1746083958.4017003,3.0
1746083958.4135454,3.0
1746083958.4253783,3.0
1746083958.4371955,3.0
1746083958.4489932,3.0
1746083958.460811,3.0
1746083958.4726584,3.0
1746083958.4845111,3.0
1746083958.4963782,3.0
1746083958.5082307,3.0
1746083958.520115,3.0
1746083958.5319529,3.0
1746083958.5438435,3.0
1746083958.5557084,3.0
1746083958.567847,3.0
1746083958.5796795,3.0
1746083958.5915244,3.0
1746083958.6051414,3.0
1746083958.616885,3.0
1746083958.6287594,3.0
1746083958.6405792,3.0
1746083958.652423,3.0
1746083958.6642056,3.0
1746083958.676092,3.0
1746083958.6879463,3.0
1746083958.6998177,3.0
1746083958.7116563,3.0
1746083958.7235909,3.0
1746083958.7354765,3.0
1746083958.747425,3.0
1746083958.759305,3.0
1746083958.7711895,3.0
1746083958.7832384,3.0
1746083958.7950873,3.0
1746083958.8069527,3.0
1746083958.819158,3.0
1746083958.8310928,3.0
1746083958.8430405,3.0
1746083958.8549511,3.0
1746083958.8668578,3.0
1746083958.8788044,3.0
1746083958.890647,3.0
1746083958.9025383,3.0
1746083958.9145284,3.0
1746083958.9264789,3.0
1746083958.9383767,3.0
1746083958.950316,3.0
1746083958.962502,3.0
1746083958.9755456,3.0
1746083958.9882972,3.0
1746083959.0001068,3.0
1746083959.0120106,3.0
1746083959.024479,3.0
1746083959.0362368,3.0
1746083959.0481236,3.0
1746083959.060058,3.0
1746083959.0726552,3.0
1746083959.0844905,3.0
1746083959.0964167,3.0
1746083959.1083214,3.0
1746083959.1202366,3.0
1746083959.1321635,3.0
1746083959.1440554,3.0
1746083959.1559277,3.0
1746083959.1678605,3.0
1746083959.179823,3.0
1746083959.19178,3.0
1746083959.2037048,3.0
1746083959.2155468,3.0
1746083959.2275326,3.0
1746083959.239477,3.0
1746083959.2513735,3.0
1746083959.2632313,3.0
1746083959.2751107,3.0
1746083959.287008,3.0
1746083959.298914,3.0
1746083959.3108337,3.0
1746083959.3232176,3.0
1746083959.335013,3.0
1746083959.346926,3.0
1746083959.3587978,3.0
1746083959.3707218,3.0
1746083959.3826056,3.0
1746083959.3945367,3.0
1746083959.4063923,3.0
1746083959.4183354,3.0
1746083959.430263,3.0
1746083959.4421964,3.0
1746083959.454112,3.0
1746083959.466006,3.0
1746083959.4779615,3.0
1746083959.4898586,3.0
1746083959.5017283,3.0
1746083959.5136263,3.0
1746083959.525525,3.0
1746083959.537425,3.0
1746083959.5493338,3.0
1746083959.561292,3.0
1746083959.573331,3.0
1746083959.5853493,3.0
1746083959.5993063,3.0
1746083959.6108935,3.0
1746083959.6226597,3.0
1746083959.6344328,3.0
1746083959.6461668,3.0
1746083959.657928,3.0
1746083959.6697109,3.0
1746083959.6815548,3.0
1746083959.693356,3.0
1746083959.7051656,3.0
1746083959.716946,3.0
1746083959.7286997,3.0
1746083959.74058,3.0
1746083959.752344,3.0
1746083959.7641115,3.0
1746083959.775931,3.0
1746083959.7877944,3.0
1746083959.7995284,3.0
1746083959.8112936,3.0
1746083959.8230631,3.0
1746083959.8348413,3.0
1746083959.846624,3.0
1746083959.8584466,3.0
1746083959.8704395,3.0
1746083959.8822393,3.0
1746083959.8940125,3.0
1746083959.9057477,3.0
1746083959.9175322,3.0
1746083959.9293046,3.0
1746083959.9410796,3.0
1746083959.9531105,3.0
1746083959.964824,3.0
1746083959.9783504,3.0
1746083959.9905946,3.0
1746083960.002362,3.0
1746083960.0141273,3.0
1746083960.0266147,3.0
1746083960.0383854,3.0
1746083960.0501997,3.0
1746083960.0623388,3.0
1746083960.0740638,3.0
1746083960.0858526,3.0
1746083960.0976312,3.0
1746083960.1094737,3.0
1746083960.12129,3.0
1746083960.133093,3.0
1746083960.1450338,3.0
1746083960.1568515,3.0
1746083960.1686015,3.0
1746083960.1804037,3.0
1746083960.1922388,3.0
1746083960.2040567,3.0
1746083960.2158482,3.0
1746083960.2276475,3.0
1746083960.2394614,3.0
1746083960.2512536,3.0
1746083960.2630994,3.0
1746083960.2748742,3.0
1746083960.2866542,3.0
1746083960.2984405,3.0
1746083960.3102245,3.0
1746083960.3220239,3.0
1746083960.3338108,3.0
1746083960.345591,3.0
1746083960.3573828,3.0
1746083960.3691316,3.0
1746083960.3808603,3.0
1746083960.392691,3.0
1746083960.404483,3.0
1746083960.4162831,3.0
1746083960.428138,3.0
1746083960.4399104,3.0
1746083960.451697,3.0
1746083960.463523,3.0
1746083960.475343,3.0
1746083960.4871297,3.0
1746083960.4988866,3.0
1746083960.5106301,3.0
1746083960.5224059,3.0
1746083960.5341158,3.0
1746083960.545908,3.0
1746083960.5577085,3.0
1746083960.5698228,3.0
1746083960.581586,3.0
1746083960.5933802,3.0
1746083960.6034863,2.0
1746083960.6151361,3.0
1746083960.6268697,3.0
1746083960.6386237,3.0
1746083960.6503944,3.0
1746083960.662198,3.0
1746083960.6739888,3.0
1746083960.685806,3.0
1746083960.6976137,3.0
1746083960.709378,3.0
1746083960.7211473,3.0
1746083960.7329352,3.0
1746083960.7447274,3.0
1746083960.7565465,3.0
1746083960.768342,3.0
1746083960.7801049,3.0
1746083960.791976,3.0
1746083960.8037832,3.0
1746083960.8156025,3.0
1746083960.8274486,3.0
1746083960.8392186,3.0
1746083960.85105,3.0
1746083960.8627994,3.0
1746083960.8745968,3.0
1746083960.8863888,3.0
1746083960.8981655,3.0
1746083960.909946,3.0
1746083960.9217288,3.0
1746083960.9339623,3.0
1746083960.9457333,3.0
1746083960.9576087,3.0
1746083960.9694126,3.0
1746083960.9834986,3.0
1746083960.9951906,3.0
1746083961.00695,3.0
1746083961.0186398,3.0
1746083961.031285,3.0
1746083961.0430675,3.0
1746083961.0548935,3.0
1746083961.0671508,3.0
1746083961.0789967,3.0
1746083961.0907567,3.0
1746083961.1025252,3.0
1746083961.1142607,3.0
1746083961.1260288,3.0
1746083961.1378124,3.0
1746083961.149625,3.0
1746083961.161363,3.0
1746083961.1775548,2.0
1746083961.1923833,1.0
1746083961.2037802,3.0
1746083961.2154539,3.0
1746083961.2272768,3.0
1746083961.239092,3.0
1746083961.250911,3.0
1746083961.2627573,3.0
1746083961.274613,3.0
1746083961.2864716,3.0
1746083961.2982864,3.0
1746083961.310142,3.0
1746083961.3220022,3.0
1746083961.3338833,3.0
1746083961.346148,3.0
1746083961.3579495,3.0
1746083961.369788,3.0
1746083961.3816066,3.0
1746083961.393482,3.0
1746083961.405253,3.0
1746083961.4170327,3.0
1746083961.4288595,3.0
1746083961.44068,3.0
1746083961.4525042,3.0
1746083961.4643126,3.0
1746083961.476144,3.0
1746083961.487902,3.0
1746083961.4996848,3.0
1746083961.5115244,3.0
1746083961.5233116,3.0
1746083961.5351253,3.0
1746083961.546948,3.0
1746083961.5587897,3.0
1746083961.5709374,3.0
1746083961.5827532,3.0
1746083961.5946295,3.0
1746083961.608188,3.0
1746083961.61997,3.0
1746083961.631784,3.0
1746083961.6436045,3.0
1746083961.6515687,2.0
