time,scope,value
1770343899.0583632,0,2456463.2974853516
1770343899.0583632,1,2456463.2974853516
1770343900.0585153,0,2456518.1088867188
1770343900.0585153,1,2456518.1088867188
1770343901.0586553,0,2456574.082092285
1770343901.0586553,1,2456574.082092285
1770343902.0587711,0,2456630.0404663086
1770343902.0587711,1,2456630.0404663086
1770343903.0588832,0,2456685.9661254883
1770343903.0588832,1,2456685.9661254883
1770343904.0589943,0,2456741.919555664
1770343904.0589943,1,2456741.919555664
1770343905.0591059,0,2456797.8337402344
1770343905.0591059,1,2456797.8337402344
1770343906.0592096,0,2456853.783630371
1770343906.0592096,1,2456853.783630371
1770343907.0585108,0,2456909.6870117188
1770343907.0585108,1,2456909.6870117188
1770343908.0587742,0,2456965.511413574
1770343908.0587742,1,2456965.511413574
1770343909.059026,0,2457021.411010742
1770343909.059026,1,2457021.411010742
1770343910.0592284,0,2457077.1755981445
1770343910.0592284,1,2457077.1755981445
1770343911.0583587,0,2457204.149230957
1770343911.0583587,1,2457204.5614624023
1770343912.0583477,0,2457310.3143310547
1770343912.0583477,1,2457310.3143310547
1770343913.0583541,0,2457416.95123291
1770343913.0583541,1,2457417.073425293
1770343914.0583508,0,2457523.689086914
1770343914.0583508,1,2457523.689086914
1770343915.0583446,0,2457630.336730957
1770343915.0583446,1,2457630.437561035
1770343916.0583541,0,2457737.0713500977
1770343916.0583541,1,2457737.0713500977
1770343917.0583503,0,2457843.7123413086
1770343917.0583503,1,2457843.7123413086
1770343918.0583513,0,2457950.480041504
1770343918.0583513,1,2457950.480041504
1770343919.0583532,0,2458057.113220215
1770343919.0583532,1,2458057.201477051
1770343920.0583534,0,2458163.866394043
1770343920.0583534,1,2458163.866394043
1770343921.0583556,0,2458270.521179199
1770343921.0583556,1,2458270.521179199
1770343922.058343,0,2458377.1713256836
1770343922.058343,1,2458377.290710449
1770343923.058344,0,2458483.9010620117
1770343923.058344,1,2458483.9010620117
1770343924.0583491,0,2458590.549621582
1770343924.0583491,1,2458590.6639404297
1770343925.058353,0,2458697.325744629
1770343925.058353,1,2458697.325744629
1770343926.0583413,0,2458803.9310302734
1770343926.0583413,1,2458804.0545043945
1770343927.0583718,0,2458910.6790161133
1770343927.0583718,1,2458910.6790161133
1770343928.0583527,0,2459017.3298339844
1770343928.0583527,1,2459017.4350585938
1770343929.05835,0,2459124.0541992188
1770343929.05835,1,2459124.0541992188
1770343930.058348,0,2459230.786010742
1770343930.058348,1,2459230.786010742
1770343931.0583465,0,2459337.430419922
1770343931.0583465,1,2459337.430419922
1770343932.0583608,0,2459444.1959228516
1770343932.0583608,1,2459444.1959228516
1770343933.0583596,0,2459550.8334960938
1770343933.0583596,1,2459550.8334960938
1770343934.0583494,0,2459657.482421875
1770343934.0583494,1,2459657.6036376953
1770343935.0583735,0,2459764.2145996094
1770343935.0583735,1,2459764.2145996094
1770343936.0583515,0,2459870.8681640625
1770343936.0583515,1,2459870.9818115234
1770343937.0583704,0,2459977.6239624023
1770343937.0583704,1,2459977.6239624023
1770343938.0583384,0,2460084.2873535156
1770343938.0583384,1,2460084.2873535156
1770343939.0583613,0,2460191.0071411133
1770343939.0583613,1,2460191.0071411133
1770343940.0583582,0,2460297.67779541
1770343940.0583582,1,2460297.67779541
1770343941.0583527,0,2460404.3209838867
1770343941.0583527,1,2460404.4524536133
1770343942.0583673,0,2460511.105834961
1770343942.0583673,1,2460511.105834961
1770343943.0583498,0,2460617.7493896484
1770343943.0583498,1,2460617.7493896484
1770343944.0582922,0,2460724.5076904297
1770343944.0582922,1,2460724.5076904297
1770343945.0583568,0,2460831.150817871
1770343945.0583568,1,2460831.150817871
1770343946.0583508,0,2460937.808532715
1770343946.0583508,1,2460937.9158935547
1770343947.058357,0,2461044.5623779297
1770343947.058357,1,2461044.5623779297
1770343948.0583537,0,2461151.2036743164
1770343948.0583537,1,2461151.2036743164
1770343949.0583537,0,2461257.958618164
1770343949.0583537,1,2461257.958618164
1770343950.05835,0,2461364.6115722656
1770343950.05835,1,2461364.6115722656
1770343951.0583456,0,2461471.23828125
1770343951.0583456,1,2461471.3690185547
1770343952.058368,0,2461578.033630371
1770343952.058368,1,2461578.033630371
1770343953.0583563,0,2461684.6510009766
1770343953.0583563,1,2461684.751953125
1770343954.058344,0,2461791.41607666
1770343954.058344,1,2461791.41607666
1770343955.0583487,0,2461898.0325317383
1770343955.0583487,1,2461898.152282715
1770343956.0583506,0,2462004.7642211914
1770343956.0583506,1,2462004.7642211914
1770343957.0583494,0,2462111.3802490234
1770343957.0583494,1,2462111.5248413086
1770343958.0583498,0,2462218.161315918
1770343958.0583498,1,2462218.161315918
1770343959.0583618,0,2462324.805419922
1770343959.0583618,1,2462324.9192504883
1770343960.0583453,0,2462431.5377197266
1770343960.0583453,1,2462431.5377197266
1770343961.0583868,0,2462538.2006835938
1770343961.0583868,1,2462538.2006835938
1770343962.0583634,0,2462644.9592285156
1770343962.0583634,1,2462644.9592285156
1770343963.058349,0,2462751.58782959
1770343963.058349,1,2462751.6955566406
1770343964.0583503,0,2462858.334716797
1770343964.0583503,1,2462858.334716797
1770343965.0583482,0,2462964.9627685547
1770343965.0583482,1,2462965.0606689453
1770343966.0583487,0,2463071.724975586
1770343966.0583487,1,2463071.724975586
1770343967.0583446,0,2463178.3572387695
1770343967.0583446,1,2463178.4622192383
1770343968.0583503,0,2463285.1232910156
1770343968.0583503,1,2463285.1232910156
1770343969.058342,0,2463391.7537841797
1770343969.058342,1,2463391.7537841797
1770343970.058353,0,2463498.426635742
1770343970.058353,1,2463498.5431518555
1770343971.0583696,0,2463605.165161133
1770343971.0583696,1,2463605.165161133
1770343972.058358,0,2463711.842895508
1770343972.058358,1,2463711.842895508
1770343973.0583494,0,2463818.577392578
1770343973.0583494,1,2463818.577392578
1770343974.058366,0,2463925.240966797
1770343974.058366,1,2463925.240966797
1770343975.05834,0,2464031.963623047
1770343975.05834,1,2464031.963623047
1770343976.0583973,0,2464138.620300293
1770343976.0583973,1,2464138.620300293
1770343977.0583491,0,2464245.3743896484
1770343977.0583491,1,2464245.3743896484
1770343978.0583737,0,2464352.053466797
1770343978.0583737,1,2464352.053466797
1770343979.0583549,0,2464458.6700439453
1770343979.0583549,1,2464458.6700439453
1770343980.0583425,0,2464565.428894043
1770343980.0583425,1,2464565.428894043
1770343981.0583515,0,2464672.072265625
1770343981.0583515,1,2464672.072265625
1770343982.0583541,0,2464778.821533203
1770343982.0583541,1,2464778.821533203
1770343983.0583446,0,2464885.480163574
1770343983.0583446,1,2464885.480163574
1770343984.058357,0,2464992.2095336914
1770343984.058357,1,2464992.2095336914
1770343985.0583444,0,2465098.8428344727
1770343985.0583444,1,2465098.8428344727
1770343986.0583472,0,2465205.6069335938
1770343986.0583472,1,2465205.6069335938
1770343987.0583506,0,2465312.2478027344
1770343987.0583506,1,2465312.2478027344
1770343988.05836,0,2465418.9080810547
1770343988.05836,1,2465418.9080810547
1770343989.0583522,0,2465525.677368164
1770343989.0583522,1,2465525.677368164
1770343990.0583744,0,2465632.313720703
1770343990.0583744,1,2465632.313720703
1770343991.05835,0,2465738.980834961
1770343991.05835,1,2465738.980834961
1770343992.0583475,0,2465845.7208862305
1770343992.0583475,1,2465845.7208862305
1770343993.058356,0,2465952.388671875
1770343993.058356,1,2465952.388671875
1770343994.0583522,0,2466059.0697021484
1770343994.0583522,1,2466059.0697021484
1770343995.0583563,0,2466165.8334350586
1770343995.0583563,1,2466165.8334350586
1770343996.0583577,0,2466272.4536743164
1770343996.0583577,1,2466272.563293457
1770343997.0583465,0,2466379.20703125
1770343997.0583465,1,2466379.20703125
1770343998.0583532,0,2466485.832092285
1770343998.0583532,1,2466485.933654785
1770343999.058347,0,2466592.572631836
1770343999.058347,1,2466592.572631836
